,Compound,Date,Negative,Neutral,Positive,Source Account,Tweet Text,Tweets Ago
0,0.0,Tue Oct 02 19:02:07 +0000 2018,1.0,0.0,0.0,@BBC,"Discover the extraordinary story of how a small Scottish bank grew to briefly become the biggest in the world, befo‚Ä¶ https://t.co/OQpgOJ7edi",1
1,-0.802,Tue Oct 02 17:55:03 +0000 2018,0.573,0.427,0.0,@BBC,Knife crime is up 22%. Who are the victims and what‚Äôs to blame? https://t.co/ZEAml31p9m,2
2,0.4019,Tue Oct 02 17:06:06 +0000 2018,0.803,0.0,0.197,@BBC,"The gender reveal party that sparked a massive 47,000 acre wildfire. 
üëâ https://t.co/b0Xc17AuK5 https://t.co/ROh8TOMH7K",3
3,0.5574,Tue Oct 02 16:06:02 +0000 2018,0.816,0.0,0.184,@BBC,"In 2002, Iberian Lynx were the rarest cats in the world. But then something remarkable happened... https://t.co/iEVCaSDvjN",4
4,-0.2732,Tue Oct 02 14:06:04 +0000 2018,0.554,0.242,0.204,@BBC,Two scientists who discovered how to fight cancer using the body's immune system have won the 2018 #NobelPrize for‚Ä¶ https://t.co/fIj6Ly7Z3u,5
5,0.5994,Tue Oct 02 13:05:03 +0000 2018,0.795,0.0,0.205,@BBC,"üç≤üòã A bowl of warm, hearty stew is always a welcome sight on a cold day.

From a classic beef stew to a vegetarian h‚Ä¶ https://t.co/1X1qdk14Oh",6
6,0.0,Tue Oct 02 12:05:04 +0000 2018,1.0,0.0,0.0,@BBC,"Jodie Whittaker. New Doctor...and a 'Shat Lass'.
#TheGNShow #DoctorWho https://t.co/25HwEbjAfn",7
7,0.5719,Tue Oct 02 10:47:27 +0000 2018,0.829,0.0,0.171,@BBC,"Donna Strickland has become the first woman to have won the #NobelPrize in Physics in 55 years. 
üëâ‚Ä¶ https://t.co/hGIojnR1W0",8
8,0.0,Tue Oct 02 10:27:17 +0000 2018,1.0,0.0,0.0,@BBC,"RT @BBCSport: SPOTY is back - and there are some big changes.

The BBC Sports Personality of the Year 2018 contenders will be revealed on t‚Ä¶",9
9,0.6696,Tue Oct 02 10:16:58 +0000 2018,0.728,0.0,0.272,@BBC,"‚ù§Ô∏èüíÉüèª Ballet is still the love of Joyce's life at 98-years-old! 
#WorldBalletDay https://t.co/nzr3Jy1wbS",10
10,-0.6705,Tue Oct 02 09:22:00 +0000 2018,0.769,0.231,0.0,@BBC,"Over 300,000 marine animals are killed after becoming entangled in fishing gear every year. 
#DrowningInPlastic‚Ä¶ https://t.co/WmFqGMo8Es",11
11,0.0,Tue Oct 02 09:10:44 +0000 2018,1.0,0.0,0.0,@BBC,RT @bbccomedy: ‚ÄòThere She Goes‚Äô starring @JefficaHoons and David Tennant comes to @BBCFOUR on October 16th. https://t.co/tH37Wg5TBC,12
12,-0.7964,Tue Oct 02 08:00:09 +0000 2018,0.679,0.321,0.0,@BBC,"In January 1918, the Spanish flu swept the world and killed more people than WW1. 
#TheFluThatKilled50Million https://t.co/WinYKnWfSA",13
13,0.0,Tue Oct 02 07:05:06 +0000 2018,1.0,0.0,0.0,@BBC,"üëõ Do you know where your tips go? 

A guide to how tipping works in restaurants.
üëâ https://t.co/CNU4t3iogG https://t.co/7dcsckQwcG",14
14,-0.6486,Tue Oct 02 06:09:05 +0000 2018,0.798,0.202,0.0,@BBC,"More than half of the world's killer whales could be wiped out by man-made chemicals, scientists say.  https://t.co/w1SaxVchyO",15
15,-0.128,Mon Oct 01 19:00:01 +0000 2018,0.919,0.081,0.0,@BBC,Wildlife biologist @LizBonnin visits scientists working at the cutting edge of plastics research. She works with le‚Ä¶ https://t.co/rSc4ZR9MEX,16
16,0.0,Mon Oct 01 17:16:04 +0000 2018,1.0,0.0,0.0,@BBC,"A 19-year-old university student has described his photograph of a white fallow buck sneezing as a ""one-in-a-millio‚Ä¶ https://t.co/A1q3ZEIz2z",17
17,0.7506,Mon Oct 01 16:05:44 +0000 2018,0.738,0.0,0.262,@BBC,"RT @BBCFood: ü•ï It's World Vegetarian Day and we're celebrating all things veggie. Whether you're looking for a quick lunch, a healthy trayb‚Ä¶",18
18,0.0,Mon Oct 01 15:48:02 +0000 2018,1.0,0.0,0.0,@BBC,"RT @CBeebiesHQ: Cuddle up cheek to cheek!

Sharon D. Clarke is back for tonight's #BedtimeStory üò¥üìö

The biographical tale of Ella Fitzgeral‚Ä¶",19
19,0.0,Mon Oct 01 15:00:02 +0000 2018,1.0,0.0,0.0,@BBC,These scientists have found plastic in every area of the Arctic; there are about 225 trillion particles in the whol‚Ä¶ https://t.co/UoKtCXow1b,20
20,0.0,Mon Oct 01 14:01:07 +0000 2018,1.0,0.0,0.0,@BBC,"An Astrophysicist? A World Traveller? CEO of the British Library? üî≠üìöü§∑

Illustrator Sir Quentin Blake has reimagined‚Ä¶ https://t.co/PqXhCcoHH9",21
21,0.0,Mon Oct 01 13:04:26 +0000 2018,1.0,0.0,0.0,@BBC,"RT @bbcgetinspired: 'I'm a Muslim woman, I'm visually-impaired and I'm a boxer' ü•äü•ä #GetInspired 

https://t.co/zJorjZokVM",22
22,0.7456,Mon Oct 01 13:03:06 +0000 2018,0.689,0.0,0.311,@BBC,"üé∂üåü@LadyGaga and Jodie Whittaker playing the #DoctorWho theme tune on the theremin is AMAZING. #TheGNShow

https://t.co/PEwaE9tzNH",23
23,0.128,Mon Oct 01 12:33:03 +0000 2018,0.642,0.166,0.193,@BBC,"üòÇüòÉüòê Can you spot a fake laugh? 

Take this quiz to find out. üëâ https://t.co/LAFjV5ggf7 https://t.co/sFjlLRwzQK",24
24,-0.5574,Mon Oct 01 12:08:21 +0000 2018,0.795,0.205,0.0,@BBC,"Geoffrey Hayes, who hosted long-running children's TV show, Rainbow, has died aged 76.
üëâ https://t.co/10XDMpYCiz https://t.co/vPs5odJKqy",25
25,0.7003,Mon Oct 01 11:03:02 +0000 2018,0.655,0.0,0.345,@BBC,"This Amazing Human uses coffee to give homeless people a second chance. ‚òïÔ∏èüíõ#InternationalCoffeeDay

https://t.co/wOc1ce2B3J",26
26,0.3818,Mon Oct 01 10:03:06 +0000 2018,0.591,0.134,0.274,@BBC,"Turns out it's *quite* difficult to keep a straight face while testing laughing gas...

https://t.co/nFlgKY7NuY",27
27,-0.7351,Mon Oct 01 09:46:54 +0000 2018,0.763,0.237,0.0,@BBC,RT @BBCRadio4: We conducted the world's largest survey on loneliness and discovered that 16-24 year olds are the loneliest age group. Read‚Ä¶,28
28,0.0,Mon Oct 01 09:04:02 +0000 2018,1.0,0.0,0.0,@BBC,"We cannot WAIT for the new Doctor Who series! @bbcdoctorwho #TheGNShow

https://t.co/BkxpymO5Be",29
29,0.7845,Mon Oct 01 08:02:02 +0000 2018,0.734,0.0,0.266,@BBC,"Start your Monday the right way. Watch Tom Hardy explain to a child why we should love all things equally. üíîüò≠

https://t.co/646n5wwjvL",30
30,-0.7845,Mon Oct 01 07:32:01 +0000 2018,0.566,0.434,0.0,@BBC,Persistent chemical pollution threatens the future of killer whales. üíî https://t.co/wJJIQj8WLK https://t.co/saSP4leLjt,31
31,-0.872,Mon Oct 01 07:03:05 +0000 2018,0.602,0.398,0.0,@BBC,"Last year @higeorgeshelley's sister died in an accident. 

He opens up about grief and how to cope.

https://t.co/4SajjiJI6e",32
32,0.4753,Sun Sep 30 20:21:03 +0000 2018,0.843,0.0,0.157,@BBC,"RT @BBCOne: ‚ÄúI see women out with their babies walking around like it‚Äôs nothing‚Ä¶ I just want to yell out at them, ‚ÄúYou‚Äôre amazing!‚Äù @Jenna_‚Ä¶",33
33,0.6239,Sun Sep 30 19:39:53 +0000 2018,0.687,0.0,0.313,@BBC,RT @bbcstrictly: Wow. #Strictly Movie Week looks wand-erful! üßô‚Äç‚ôÇÔ∏è‚ú® https://t.co/3Iko29h06s,34
34,0.0,Sun Sep 30 19:03:02 +0000 2018,1.0,0.0,0.0,@BBC,"A mother‚Äôs life disintegrates while the world looks on. 

#TheCry | 9pm | @BBCOne | https://t.co/hDRdVsMamq https://t.co/2SrLnoKGLi",35
35,0.0,Sun Sep 30 17:16:03 +0000 2018,1.0,0.0,0.0,@BBC,Tonight it's the first @BBCStrictly results show! Find out which couples have made it through and which two will be‚Ä¶ https://t.co/vytPpS8tTl,36
36,0.5106,Sun Sep 30 16:22:42 +0000 2018,0.769,0.063,0.167,@BBC,"RT @BBCOne: #TheCry ""is the perfect replacement for #Bodyguard, a twisting, turning whodunit that leaves you questioning everybody."" The Te‚Ä¶",37
37,0.4574,Sun Sep 30 16:22:25 +0000 2018,0.875,0.0,0.125,@BBC,"RT @BBCOne: To mark 30 years in music, we‚Äôre making a @takethat documentary special and WE NEED YOU! 

Head to https://t.co/WiKSYB8coP to s‚Ä¶",38
38,0.0,Sun Sep 30 16:01:09 +0000 2018,0.773,0.113,0.113,@BBC,"üï∫‚ú® @Joe_Sugg says he worried that he was the 'joke act' in this year's #Strictly. 

https://t.co/FmKBnEJeoX https://t.co/O1GfHHBJud",39
39,0.0,Sun Sep 30 15:03:03 +0000 2018,1.0,0.0,0.0,@BBC,"This is the incredible story of how London dug the Victoria Line! üöá

https://t.co/F8MsetBclS",40
40,-0.296,Sun Sep 30 14:02:04 +0000 2018,0.901,0.099,0.0,@BBC,"In Japan, 'aki no koe' refers to autumn's voice, which incorporates all the sounds of the season: the wind rustling‚Ä¶ https://t.co/2fynWfK1Wu",41
41,0.0,Sun Sep 30 13:06:04 +0000 2018,1.0,0.0,0.0,@BBC,"""Dyslexia tries to kick my butt daily - but I won't let it beat me"". 

https://t.co/EmtRJC2V5G",42
42,0.0,Sun Sep 30 12:44:04 +0000 2018,1.0,0.0,0.0,@BBC,Kanye West is changing his name... to Ye. https://t.co/TMRrrzJuKX https://t.co/0ZkgnEbFkA,43
43,0.0,Sun Sep 30 12:31:04 +0000 2018,1.0,0.0,0.0,@BBC,The lush green mosses of East Antarctica are finally succumbing to climate change. üíî https://t.co/z7j8jcx6TO https://t.co/r7C9gypVhC,44
44,0.1531,Sun Sep 30 11:02:01 +0000 2018,0.873,0.0,0.127,@BBC,"Going on a night out can be challenging when you're a wheelchair user. 

https://t.co/YvvQ1SnosW",45
45,-0.7783,Sun Sep 30 10:00:00 +0000 2018,0.726,0.274,0.0,@BBC,"This is disgusting. üòî

The Citarum River in Indonesia is one of the dirtiest rivers in the world. 

Plastic polluti‚Ä¶ https://t.co/F6z2NpXseT",46
46,0.0,Sun Sep 30 09:04:02 +0000 2018,1.0,0.0,0.0,@BBC,"üêª Say hello to Kyra the sun bear... 

https://t.co/UvDxsG3QO1",47
47,-0.5994,Sun Sep 30 08:30:16 +0000 2018,0.698,0.302,0.0,@BBC,RT @BBCWorld: Indonesia quake death toll 'at least 832' https://t.co/1VCcXxRrR4,48
48,0.0,Sun Sep 30 07:31:05 +0000 2018,0.752,0.124,0.124,@BBC,"For children with autism, the stress of taking photos can be overwhelming. To make things easier, eight-year-old Le‚Ä¶ https://t.co/U3hpweRK0D",49
49,0.5859,Sun Sep 30 07:04:02 +0000 2018,0.703,0.0,0.297,@BBC,"This. Is. Amazing. üòÆ

Introducing the World Pole Climbing Championships...

https://t.co/osulkhFFhQ",50
50,0.4215,Sat Sep 29 20:32:03 +0000 2018,0.743,0.0,0.257,@BBC,Chile has launched a huge hiking route through its Patagonian wilderness. üå≤üòçüèî  https://t.co/WFIcKZe5Hv https://t.co/RLKjTx2Emo,51
51,0.4215,Sat Sep 29 17:02:12 +0000 2018,0.865,0.0,0.135,@BBC,üê£üòç Conservationists have been monitoring the progress of rare Leach's storm petrel chicks on the remote Scottish ar‚Ä¶ https://t.co/KzMHUIysAO,52
52,-0.7003,Sat Sep 29 16:01:07 +0000 2018,0.707,0.293,0.0,@BBC,"'My children bought back the car I sold to pay for wife's cancer treatment'. ‚ù§Ô∏èÔ∏èüöò

https://t.co/xOJwzbgGlE https://t.co/Tx3WYCkCXu",53
53,0.5499,Sat Sep 29 15:54:38 +0000 2018,0.871,0.0,0.129,@BBC,"RT @BBCEngland: Benny the beluga whale is spending his fifth day in the Thames but appears to be healthy and swimming normally, the Port of‚Ä¶",54
54,0.7088,Sat Sep 29 15:02:04 +0000 2018,0.671,0.0,0.329,@BBC,"Always start by playing paper! üëä‚úã‚úåÔ∏è

This is how to win at rock-paper-scissors... 

https://t.co/2VzUFq74FT",55
55,0.0,Sat Sep 29 14:03:07 +0000 2018,1.0,0.0,0.0,@BBC,"'What do I know her from again?' ü§îüì∫

These are the TV actors who pop up in everything. https://t.co/XLQBs5bE5p https://t.co/DJWV8U3OhY",56
56,-0.5256,Sat Sep 29 13:01:07 +0000 2018,0.747,0.253,0.0,@BBC,"This is the world's most dangerous city to be a woman. 

https://t.co/v1qrWFF6B6",57
57,-0.5622,Sat Sep 29 11:03:02 +0000 2018,0.768,0.232,0.0,@BBC,"""New York City is underwhelming"". üò≥üò≥üò≥
 
#UnpopularOpinion was HARSH this week. üòÇ @gregjames

https://t.co/pSz5eP8YbR",58
58,0.4939,Sat Sep 29 10:03:05 +0000 2018,0.819,0.0,0.181,@BBC,"What's it like growing up with tourettes?

Brother and sister Jack and Rebecca describe how people react to their t‚Ä¶ https://t.co/VXY3jdCbEu",59
59,-0.5267,Sat Sep 29 09:01:02 +0000 2018,0.746,0.254,0.0,@BBC,"This school became a national leader by focusing on a neglected subject... 

https://t.co/5c7iSPT3rc",60
60,0.6808,Sat Sep 29 08:11:46 +0000 2018,0.763,0.0,0.237,@BBC,RT @BBCOne: .@LadyGaga &amp; Jodie Whittaker playing the #DoctorWho theme tune on the theremin is a joy to behold. #TheGNShow https://t.co/0aLu‚Ä¶,61
61,-0.1022,Sat Sep 29 08:05:03 +0000 2018,0.691,0.165,0.144,@BBC,"""I've broken around 80 bones"". üò¨üè•

Meet the man who can't feel pain. üëâ https://t.co/6qsfeQmIct https://t.co/6jXkhYCTza",62
62,0.0,Sat Sep 29 07:03:06 +0000 2018,1.0,0.0,0.0,@BBC,"Say hello to baby Omo, a rare albino squirrel... üòçüêøÔ∏è

https://t.co/FVppFQSOJw",63
63,0.0,Sat Sep 29 06:31:00 +0000 2018,1.0,0.0,0.0,@BBC,"Over the last 50 years, the flesh-footed shearwater population has dropped by 30%.

Plastic is a major cause of the‚Ä¶ https://t.co/827iYwzryJ",64
64,0.3595,Fri Sep 28 20:31:03 +0000 2018,0.865,0.0,0.135,@BBC,"The Graham Norton Show is back! Tonight Bradley Cooper, @ladygaga, Jodie Whittaker and @ryangosling join @grahnort‚Ä¶ https://t.co/prBbKLrkaO",65
65,-0.126,Fri Sep 28 18:32:03 +0000 2018,0.846,0.089,0.065,@BBC,"It's the Celebrity MasterChef final! After six gruelling weeks, just two tough challenges stand between the three r‚Ä¶ https://t.co/mLCixMGG8v",66
66,0.4215,Fri Sep 28 16:03:07 +0000 2018,0.714,0.0,0.286,@BBC,"Science has confirmed: cats are nice. üòª

https://t.co/nTtAUxYl6v https://t.co/kI8XYPICjA",67
67,0.1531,Fri Sep 28 15:01:02 +0000 2018,0.882,0.0,0.118,@BBC,"üòÆüêô You need to watch this seal slap a man with an octopus... 

https://t.co/Njn1fsWeXX",68
68,0.0,Fri Sep 28 14:03:07 +0000 2018,1.0,0.0,0.0,@BBC,In pictures: Politician mothers take their babies to work. üë∂üì∑ https://t.co/wZ4NmFwkOn https://t.co/BTtyJu1WSX,69
69,-0.5346,Fri Sep 28 12:33:00 +0000 2018,0.478,0.345,0.177,@BBC,"Why do we love bees, but hate wasps? https://t.co/2CM65SLLyE",70
70,0.6597,Fri Sep 28 11:04:06 +0000 2018,0.669,0.088,0.243,@BBC,"What kind of snack would you be? ü§î

Kids asking Tom Hardy difficult questions is the best thing you'll see today. üòÇ‚Ä¶ https://t.co/8iFXGQhKlz",71
71,0.0,Fri Sep 28 10:24:29 +0000 2018,1.0,0.0,0.0,@BBC,"RT @BBCWomansHour: The üö®TOP 10üö® #WomenInMusic on the #WHPowerList have been revealed! üåü Featuring the most iconic performers, heads of labe‚Ä¶",72
72,-0.296,Fri Sep 28 10:02:06 +0000 2018,0.872,0.128,0.0,@BBC,"‚ù§Ô∏è This story of a missing 49-year-old father is the most moving thing you'll watch today. 

https://t.co/8CYggzS9Hj",73
73,0.5719,Fri Sep 28 09:40:18 +0000 2018,0.829,0.0,0.171,@BBC,"RT @bbcmusic: How are you celebrating #BBCMusicDay today? 

Here's 9 Things to watch out for, including @George_Ezra reading a bedtime stor‚Ä¶",74
74,-0.5994,Fri Sep 28 09:04:01 +0000 2018,0.738,0.262,0.0,@BBC,"How would you cope if you knew how you might die?

https://t.co/VbAFmeDCXQ",75
75,0.5859,Fri Sep 28 08:04:02 +0000 2018,0.798,0.0,0.202,@BBC,"Eggs as conditioner? ü•öü§∑

Experts rate the beauty tips that our mums swore by. üëâ https://t.co/HGSuMbUNOj https://t.co/uoUg0LYfQp",76
76,0.3818,Fri Sep 28 07:32:06 +0000 2018,0.867,0.0,0.133,@BBC,"Are children getting too much homework in the UK? üìöüñç

Comedian @robdelaney says kids' workload is ""madness"".‚Ä¶ https://t.co/i16FsfwKNb",77
77,0.6808,Fri Sep 28 07:01:05 +0000 2018,0.714,0.0,0.286,@BBC,"Here's some useful advice on how you can help hedgehogs at this time of year. ü¶î

https://t.co/TKgF4H0ktl",78
78,0.2263,Thu Sep 27 17:02:07 +0000 2018,0.756,0.089,0.155,@BBC,"This is the quiz where you have to play the answer as well as say it. Famous faces battle it out, testing their ski‚Ä¶ https://t.co/WXXa78QNdD",79
79,-0.128,Thu Sep 27 16:03:09 +0000 2018,0.933,0.067,0.0,@BBC,Got a bag of frozen peas lurking at the back of the freezer? Here are 7 things you can do with them. üòãüç¥‚Ä¶ https://t.co/innpVg70hh,80
80,-0.5574,Thu Sep 27 15:31:07 +0000 2018,0.806,0.194,0.0,@BBC,"John Cunliffe, creator of Postman Pat and Rosie and Jim, has died aged 85. https://t.co/OoHcAgZsu5 https://t.co/PEwPmaItNP",81
81,0.5719,Thu Sep 27 15:06:35 +0000 2018,0.829,0.0,0.171,@BBC,"Flying squirrels are secretive creatures but if you're lucky, you might meet one. Or two. Or three. üòÆüêø

https://t.co/vx8aM2dHRt",82
82,-0.4201,Thu Sep 27 14:03:05 +0000 2018,0.883,0.117,0.0,@BBC,"""It's very difficult not to tie your self-worth to the size of your audience"".

@hankgreen on the darker side of in‚Ä¶ https://t.co/EF0u3XM6Nj",83
83,0.4939,Thu Sep 27 13:46:00 +0000 2018,0.878,0.0,0.122,@BBC,"If half of the UK switched to reusable water bottles, we'd save enough plastic to stretch to the moon and back in j‚Ä¶ https://t.co/HEtqsCQbly",84
84,0.0,Thu Sep 27 13:10:27 +0000 2018,1.0,0.0,0.0,@BBC,RT @BBCNews: Postman Pat and Rosie and Jim author John Cunliffe dies https://t.co/VPI0iFKwaA,85
85,-0.4019,Thu Sep 27 13:03:06 +0000 2018,0.476,0.299,0.225,@BBC,"""Dear haters, you're going to hate this."" 

Oliver reacts to Scotland's 'Dear Transphobes' campaign.

https://t.co/uayhqEP7jP",86
86,0.0,Thu Sep 27 12:32:06 +0000 2018,1.0,0.0,0.0,@BBC,"What a moment! üòÆ üêô

A man has been filmed being slapped in the face with a large octopus thrown by a seal. üëâ‚Ä¶ https://t.co/QxUgZSSXnX",87
87,-0.5267,Thu Sep 27 11:03:03 +0000 2018,0.764,0.236,0.0,@BBC,"Millions of seahorses are caught every year, threatening their global survival. üíî

https://t.co/CUYoiiYtXa",88
88,0.0,Thu Sep 27 10:44:32 +0000 2018,1.0,0.0,0.0,@BBC,"RT @BBCTwo: BBC Two just got a brand new look.

Check out some of our new Idents in all their glory‚Ä¶

More info here: https://t.co/5WJBbgGY‚Ä¶",89
89,-0.4753,Thu Sep 27 10:02:02 +0000 2018,0.846,0.154,0.0,@BBC,"We feel for Deirdre trying to answer some of these... it's unlikely Agony Aunt letters! ‚úâÔ∏èüòÇ #MockTheWeek

https://t.co/iUev3YVy9v",90
90,0.8697,Thu Sep 27 09:04:05 +0000 2018,0.62,0.0,0.38,@BBC,"Talk about an anticlimax!

When these rescue workers were called to save a drowning man, they got a HUGE surprise..‚Ä¶ https://t.co/PAVPpirEj0",91
91,0.6369,Thu Sep 27 08:04:04 +0000 2018,0.794,0.0,0.206,@BBC,"""It was probably the end of the night and I was definitely ready for my bed."" üòÇ

When a photo of you in a nightclub‚Ä¶ https://t.co/asnG7gQrC9",92
92,0.5411,Thu Sep 27 07:32:04 +0000 2018,0.821,0.0,0.179,@BBC,"Up, up and away! These enormous kites took to the sky at a festival in Germany. üå¨  https://t.co/HSIAQAQQE9 https://t.co/iIWX5ERx8I",93
93,0.5551,Thu Sep 27 07:04:02 +0000 2018,0.661,0.0,0.339,@BBC,"So cute! üòçüê£ Meet Germany's 'Papa Goose'... 

https://t.co/3NtLqZQcnm",94
94,0.0,Wed Sep 26 20:03:06 +0000 2018,1.0,0.0,0.0,@BBC,The 14th Century house used as the birthplace of Harry Potter is still up for sale. ‚ö°Ô∏èüìñ  https://t.co/dcspAsDKrg https://t.co/NEOGYEkwBr,95
95,0.0,Wed Sep 26 19:07:05 +0000 2018,1.0,0.0,0.0,@BBC,"üì¨Do not post crisp packets to Walkers, says Royal Mail ‚û°Ô∏è

https://t.co/3JbgtRfiBQ https://t.co/VWRXGKC9nJ",96
96,0.0,Wed Sep 26 16:02:05 +0000 2018,1.0,0.0,0.0,@BBC,"Did the Duchess of Sussex break protocol when she closed her car door? 

https://t.co/o2n2k0msfU https://t.co/qYmnjcI0ZM",97
97,0.659,Wed Sep 26 15:03:05 +0000 2018,0.597,0.0,0.403,@BBC,"This puffer fish creates something absolutely breathtaking. üê°üò≤ #LifeStory 

https://t.co/mxU7VERaCI",98
98,-0.25,Wed Sep 26 14:04:00 +0000 2018,0.917,0.083,0.0,@BBC,"RT @bbcweather: From today, night is longer than day. üåÉ/‚òÄ and the darkness is increasing at a rate of 4/5mins a day. Jo #Autumn https://t.c‚Ä¶",99
99,0.0,Wed Sep 26 14:03:03 +0000 2018,1.0,0.0,0.0,@BBC,"Archaeologists have found a 400-year-old shipwreck off the coast of Portugal, in what one specialist called the ""di‚Ä¶ https://t.co/YP9fuo5Iz7",100
0,0.0,Tue Oct 02 18:36:26 +0000 2018,1.0,0.0,0.0,@CBS,"‚ö°Ô∏è ‚ÄúHappy Together Premieres on CBS‚Äù

https://t.co/W7IvELcMcw",1
1,-0.4449,Tue Oct 02 17:52:53 +0000 2018,0.836,0.164,0.0,@CBS,"@miamicah We don't know for sure about that, but we are sure that you should be some sort of TV detective. üôÇ https://t.co/uW5aSn7jlO",2
2,0.0,Tue Oct 02 16:49:34 +0000 2018,1.0,0.0,0.0,@CBS,"‚ö°Ô∏è ‚ÄúThe Neighborhood Premieres on CBS‚Äù

https://t.co/R72l342BFE",3
3,0.3182,Tue Oct 02 02:42:23 +0000 2018,0.881,0.0,0.119,@CBS,"RT @startrekcbs: Discover the next adventure of #StarTrekDiscovery January 2019, and catch #Starfleet at @NY_Comic_Con THIS Saturday. https‚Ä¶",4
4,0.765,Tue Oct 02 01:10:54 +0000 2018,0.708,0.0,0.292,@CBS,The stars of @TheNeighborhood and @happytogether celebrated their shows' premieres on CBS tonight with a good old f‚Ä¶ https://t.co/fu9SJzv7hZ,5
5,0.0,Tue Oct 02 00:01:07 +0000 2018,1.0,0.0,0.0,@CBS,"RT @TheNeighborhood: It's almost time! Our live Q&amp;A with the casts of #TheNeighborhood &amp; #HappyTogether is starting at 8pm ET/ 5pm PT. 

Se‚Ä¶",6
6,0.0,Mon Oct 01 21:56:03 +0000 2018,1.0,0.0,0.0,@CBS,Head over to the CBS Facebook page now for the #FacebookLive with @happytogether‚Äôs @wayansjr and @TheNeighborhood‚Äôs‚Ä¶ https://t.co/37QOrVA1sh,7
7,0.296,Mon Oct 01 16:33:11 +0000 2018,0.864,0.0,0.136,@CBS,Join @happytogether's @wayansjr and @TheNeighborhood's @iamgreenfield for a Facebook Live TODAY at 5:45p ET/2:45 PT‚Ä¶ https://t.co/klrx7cA41H,8
8,-0.2263,Sun Sep 30 23:51:26 +0000 2018,0.909,0.091,0.0,@CBS,"Due to #NFL football game overrun, #CBS Sunday lineup is delayed in East/Central time zones ONLY. New start times:‚Ä¶ https://t.co/zmEn7CVlUi",9
9,0.6124,Sun Sep 30 17:00:00 +0000 2018,0.81,0.0,0.19,@CBS,The cast of @GodFriendedMe answers some heavenly questions about social media before the show premieres tonight aft‚Ä¶ https://t.co/61Tx2GTn35,10
10,0.0,Sun Sep 30 14:34:18 +0000 2018,1.0,0.0,0.0,@CBS,RT @CBSAllAccess: Stream NFL on CBS LIVE today starting at 1pm ET on CBS All Access! üèà https://t.co/vsod8jYeZl https://t.co/UBp3R4UCAd,11
11,0.0,Fri Sep 28 22:22:01 +0000 2018,1.0,0.0,0.0,@CBS,"On @colbertlateshow, @TheNeighborhood's @CedEntertainer and Stephen recall the first time they met on a night when‚Ä¶ https://t.co/vjz1zVg4sR",12
12,0.0,Fri Sep 28 20:16:14 +0000 2018,1.0,0.0,0.0,@CBS,".@happytogether's @wayansjr, @HereIsGina &amp; @latelateshow discuss the pros and cons of living with a pop star. Con:‚Ä¶ https://t.co/PLXFxfheW7",13
13,0.0,Fri Sep 28 17:52:41 +0000 2018,1.0,0.0,0.0,@CBS,"If you haven't seen @SEALTeamCBS, make it your mission to know them before the #SEALTeam Season 2 premiere October‚Ä¶ https://t.co/NhCPI3lZSV",14
14,0.0,Fri Sep 28 16:51:50 +0000 2018,1.0,0.0,0.0,@CBS,"‚ö°Ô∏è ‚ÄúMurphy Brown Returns to CBS‚Äù

https://t.co/3vsAg7WcB1",15
15,0.0,Thu Sep 27 20:19:18 +0000 2018,1.0,0.0,0.0,@CBS,.@TheNeighborhood's @iamgreenfield revealing his Fiddler on the Roof goals on @latelateshow will be the earworm you‚Ä¶ https://t.co/swbh8HPwA1,16
16,0.0,Thu Sep 27 20:01:53 +0000 2018,1.0,0.0,0.0,@CBS,RT @MurphyBrownCBS: A moment 20 years in the making all comes down to this. #MurphyBrown returns to @CBS tonight! https://t.co/tWSMFM3YbG,17
17,0.0,Thu Sep 27 17:19:16 +0000 2018,1.0,0.0,0.0,@CBS,"Candice Bergen tells @colbertlateshow the presidential way tonight's @MurphyBrownCBS premiere imitates life, albeit‚Ä¶ https://t.co/4Kbk8gt6nS",18
18,-0.34,Thu Sep 27 16:58:08 +0000 2018,0.526,0.283,0.191,@CBS,@marlagardner222 @jay_hernandez Good idea. The theme song is a dead giveaway. üòâ,19
19,0.0,Thu Sep 27 00:44:13 +0000 2018,1.0,0.0,0.0,@CBS,@queenmama7777 @CBSAllAccess We believe in you! https://t.co/ZK0xaPRxVr,20
20,0.0,Thu Sep 27 00:42:15 +0000 2018,1.0,0.0,0.0,@CBS,@BSkyjackcity @jokersupdates @CBSAllAccess On it. https://t.co/yxKX9ry7fw,21
21,0.1139,Wed Sep 26 21:49:27 +0000 2018,0.929,0.0,0.071,@CBS,Sixteen houseguests entered and now it's down to the Final 3. Don't miss a second of the 90-minute #BB20Finale toni‚Ä¶ https://t.co/KwDHR9Hfqu,22
22,0.6249,Wed Sep 26 19:57:54 +0000 2018,0.779,0.0,0.221,@CBS,"The tribe has spoken, and they do a pretty decent @JeffProbst impression just in time for the @survivorcbs Season P‚Ä¶ https://t.co/2Ps8VKblay",23
23,0.0,Wed Sep 26 17:25:43 +0000 2018,1.0,0.0,0.0,@CBS,"‚ö°Ô∏è ‚ÄúFBI Premieres on CBS‚Äù

https://t.co/faL6iHZc5g",24
24,-0.2714,Tue Sep 25 21:10:56 +0000 2018,0.745,0.149,0.106,@CBS,"RT @CBSAllAccess: A night of crime dramas?! Oh yes. üôå Stream @NCIS_CBS, @FBICBS &amp; @NCISNewOrleans starting at 8/7c on CBS All Access: https‚Ä¶",25
25,-0.2263,Tue Sep 25 20:31:45 +0000 2018,0.909,0.091,0.0,@CBS,"Before @FBICBS premieres tonight, @mperegrym stopped by @CBSThisMorning to talk about her role as an FBI agent in t‚Ä¶ https://t.co/CPVki4Hv8y",26
26,0.0,Tue Sep 25 19:54:26 +0000 2018,1.0,0.0,0.0,@CBS,RT @CBSAllAccess: üö® @PatrickBrammall. Tim Meadows. @jessicaalba. @iamgreenfield. @AHWAmySedaris. @ChrisGethard. @JoeManganiello. AND SO MAN‚Ä¶,27
27,0.7901,Tue Sep 25 19:45:33 +0000 2018,0.709,0.0,0.291,@CBS,RT @bigbangtheory: Happy #NationalComicBookDay from Sheldon and his many shirts! How are you sporting your favorite superhero today? #BigBa‚Ä¶,28
28,0.0,Tue Sep 25 18:34:26 +0000 2018,1.0,0.0,0.0,@CBS,"‚ö°Ô∏è ‚ÄúMagnum P.I. Premieres on CBS‚Äù

https://t.co/UtbQlcDG8S",29
29,0.0,Tue Sep 25 18:05:31 +0000 2018,1.0,0.0,0.0,@CBS,".@jay_hernandez went on @latelateshow to talk about @MagnumPICBS, but he may have gotten @TiffanyHaddish as a surf‚Ä¶ https://t.co/a3acRu10aw",30
30,0.0,Mon Sep 24 18:56:15 +0000 2018,1.0,0.0,0.0,@CBS,"RT @60Minutes: 60 Minutes turns 50 today. Tick, tick, tick ... https://t.co/3CVKEs9J7F",31
31,-0.2263,Sun Sep 23 23:24:03 +0000 2018,0.913,0.087,0.0,@CBS,"Due to #NFL football game overrun, #CBS Sunday lineup is delayed in ATL, Indy, NOLA, Kansas City, NYC, Philly, Prov‚Ä¶ https://t.co/fejqoxtvSY",32
32,0.0,Sun Sep 23 14:00:00 +0000 2018,1.0,0.0,0.0,@CBS,Kick off your Sunday with @NFL on CBS. Catch your local games live on CBS and @CBSAllAccess. üèàüì∫‚Ä¶ https://t.co/kbo7N27mY9,33
33,0.296,Fri Sep 21 19:18:00 +0000 2018,0.758,0.098,0.144,@CBS,"How does $100,000 sound? Because someone is going to win all that tonight on the @TKOCBS Battle Royale finale at 9p‚Ä¶ https://t.co/JEuUZ2QlQh",34
34,-0.1531,Fri Sep 21 17:46:26 +0000 2018,0.672,0.187,0.142,@CBS,@colbertlateshow @IainLoveTheatre @IainLoveTheatre made a compelling argument. We'll get back to you. üòâ,35
35,0.296,Thu Sep 20 23:17:19 +0000 2018,0.891,0.0,0.109,@CBS,"Now that @bigbangtheory is entering its last season, Kaley Cuoco admits to @latelateshow she's over the show's noto‚Ä¶ https://t.co/xvhlMWBhSX",36
36,0.6467,Thu Sep 20 21:38:21 +0000 2018,0.843,0.0,0.157,@CBS,RT @HawaiiFive0CBS: It‚Äôs the big Five-0! üéâ üåä #H50 premiered on this day in 1968! Celebrate 50 years of Hawaii Five-0 with every season of b‚Ä¶,37
37,0.0,Thu Sep 20 16:47:26 +0000 2018,1.0,0.0,0.0,@CBS,RT @JordanPeele: üì∫üåÄ https://t.co/CygbVi4JFC,38
38,-0.0531,Wed Sep 19 19:07:37 +0000 2018,0.588,0.236,0.176,@CBS,The @latelateshow and @JKCorden will never be good enough for @henrygolding's crazy rich mom.‚Ä¶ https://t.co/xVmH5Iyfvs,39
39,0.6486,Tue Sep 18 17:04:20 +0000 2018,0.791,0.0,0.209,@CBS,RT @CBSThisMorning: Imagine receiving a digital friend request from someone claiming to be God. What would you do? The new @CBS drama @GodF‚Ä¶,40
40,0.9642,Mon Sep 17 22:01:52 +0000 2018,0.473,0.0,0.527,@CBS,"RT @PriceIsRight: We're thrilled to be back with all new, fun, and exciting shows!!  We hope to give you another award winning season! HERE‚Ä¶",41
41,0.0,Mon Sep 17 21:41:20 +0000 2018,1.0,0.0,0.0,@CBS,RT @SalvationCBS: X marks the spot on the heart-stopping season finale of #SalvationCBS tonight at 9/8c on CBS &amp; CBS All Access: https://t.‚Ä¶,42
42,0.3612,Mon Sep 17 19:18:37 +0000 2018,0.737,0.0,0.263,@CBS,Waiting for tonight's @Elementary_CBS season finale like https://t.co/Ou8342vGT9,43
43,-0.2263,Sun Sep 16 23:48:59 +0000 2018,0.909,0.091,0.0,@CBS,"Due to an NFL overrun, the CBS Sunday lineup is delayed in the East/Central cities ONLY. New start times:‚Ä¶ https://t.co/IypoJ0l16P",44
44,0.0,Sun Sep 16 14:33:46 +0000 2018,1.0,0.0,0.0,@CBS,RT @CBSAllAccess: Sundays were made for NFL on CBS. üèàüíØ Stream NFL on CBS All Access live today: https://t.co/vsod8jGE7N https://t.co/co2528‚Ä¶,45
45,-0.4322,Sat Sep 15 16:00:01 +0000 2018,0.771,0.159,0.07,@CBS,"What happens when a PTA mom steals nearly $100,000 from her daughter's school? Don't miss the #PinkCollarCrimes sea‚Ä¶ https://t.co/Gjiy0pByaE",46
46,-0.2481,Fri Sep 14 18:22:59 +0000 2018,0.571,0.248,0.181,@CBS,"RT @CBSAllAccess: No internet, no problem. You can now download and play your favorite shows on CBS All Access! üôå Learn how: https://t.co/y‚Ä¶",47
47,0.0,Thu Sep 13 20:52:06 +0000 2018,1.0,0.0,0.0,@CBS,@PlaggemeyLee Mac's putting something together. üòâ https://t.co/6ww5HlV6Bx,48
48,0.0,Thu Sep 13 20:28:06 +0000 2018,1.0,0.0,0.0,@CBS,This just in... https://t.co/QG3OYF6Rfv,49
49,0.4753,Thu Sep 13 18:06:49 +0000 2018,0.699,0.083,0.218,@CBS,RT @CBSAllAccess: Get excited! Stream original #MurphyBrown episodes for a limited time on CBS All Access before the @MurphyBrownCBS reviva‚Ä¶,50
50,0.0,Mon Sep 10 17:06:16 +0000 2018,1.0,0.0,0.0,@CBS,"This just in! The 54th #ACMawards will air LIVE from Las Vegas on Sunday, April 7, 2019 at 8/7c on CBS and‚Ä¶ https://t.co/Q9e7qxe26l",51
51,-0.2263,Sun Sep 09 23:36:09 +0000 2018,0.917,0.083,0.0,@CBS,"Due to an NFL overrun, CBS is delayed 17 mins in the following markets: Kansas City, Miami, Tampa, NOLA, New York,‚Ä¶ https://t.co/9eXZ9mA1Xb",52
52,0.6705,Sun Sep 09 14:00:00 +0000 2018,0.718,0.0,0.282,@CBS,Are you ready for some football? üèà Stream your favorite NFL games LIVE on #CBSAllAccess today:‚Ä¶ https://t.co/eHt8guHoyv,53
53,0.4215,Sat Sep 08 16:20:43 +0000 2018,0.851,0.0,0.149,@CBS,An unforgettable night of inspiring stories and performances highlighting the 10 years of impact #StandUpToCancer c‚Ä¶ https://t.co/8bp2XNKwfH,54
54,0.0,Sat Sep 08 00:00:00 +0000 2018,1.0,0.0,0.0,@CBS,The star-studded event is about to begin! Tune in now to watch #StandUpToCancer on CBS and @cbsallaccess. https://t.co/cD8TJuQBog,55
55,-0.5411,Fri Sep 07 23:15:09 +0000 2018,0.712,0.196,0.092,@CBS,"RT @cbsallaccess: Join #TellMeAStory's @daniellemcam, @BillyMagnussen &amp; Dorian Missick by standing up to cancer! Watch @SU2C tonight at 8/7‚Ä¶",56
56,0.0,Fri Sep 07 21:50:51 +0000 2018,1.0,0.0,0.0,@CBS,Tune in to a first-of-its-kind digital live show as lead up to @SU2C‚Äôs televised event tonight! The show will featu‚Ä¶ https://t.co/hIVaLAXYmR,57
57,-0.296,Thu Sep 06 22:10:49 +0000 2018,0.879,0.121,0.0,@CBS,Hollywood legend Burt Reynolds has passed away at the age of 82. He will be missed. https://t.co/HSmcJ9X9iC,58
58,0.4753,Thu Sep 06 19:00:01 +0000 2018,0.808,0.0,0.192,@CBS,Here are @FBICBS‚Äô @JeremySisto and @EboneeReigne with a powerful message before #StandUpToCancer airs tomorrow! https://t.co/OCqh91N1OO,59
59,0.0,Wed Sep 05 21:00:00 +0000 2018,1.0,0.0,0.0,@CBS,Here's everything you need to know before tuning into #StandUpToCancer this Friday at 8/7c: https://t.co/IT9ht84TZ1 https://t.co/OK4AOxw5mP,60
60,0.3612,Wed Sep 05 17:32:40 +0000 2018,0.889,0.0,0.111,@CBS,Survivor host @JeffProbst is here to break down the theme of #Survivor: David vs. Goliath before the new season beg‚Ä¶ https://t.co/8TcA200eFQ,61
61,0.6908,Wed Sep 05 16:48:09 +0000 2018,0.467,0.0,0.533,@CBS,"Thanks, @StephenAtHome. 
P.S. Nice beard. #LSSC https://t.co/wppVtfR9cL",62
62,0.4215,Tue Sep 04 20:34:26 +0000 2018,0.865,0.0,0.135,@CBS,The biggest names in entertainment are coming together once again for #StandUpToCancer this Friday at 8/7c on @CBS‚Ä¶ https://t.co/ntuGKLYvuW,63
63,0.6514,Sat Sep 01 15:25:34 +0000 2018,0.829,0.0,0.171,@CBS,RT @cbsallaccess: Stream #17 @WestVirginiaU vs. @UTKnoxville LIVE today at 3:30PM ET on CBS All Access! Try 1 month FREE using code BINGENO‚Ä¶,64
64,0.0,Fri Aug 31 21:26:49 +0000 2018,1.0,0.0,0.0,@CBS,"In just one week, @RWitherspoon, @McConaughey, Jennifer Garner, and more will attend the #‚ÄãStandUpToCancer fundrais‚Ä¶ https://t.co/iHKGOoWejA",65
65,0.0,Fri Aug 31 18:01:01 +0000 2018,1.0,0.0,0.0,@CBS,"Believe in miracles. Watch this sneak peek of the complete premiere episode of @GodFriendedMe now, a month before i‚Ä¶ https://t.co/5AIUH5VmMk",66
66,-0.6908,Thu Aug 30 19:45:51 +0000 2018,0.761,0.239,0.0,@CBS,"RT @cbsallaccess: Money. Murder. Mystery. #OneDollar is now streaming, exclusively on CBS All Access. https://t.co/3qFdTEmVU5 https://t.co/‚Ä¶",67
67,0.6239,Thu Aug 30 15:32:47 +0000 2018,0.83,0.0,0.17,@CBS,RT @GodFriendedMe: It's a godsend! We're dropping the #GodFriendedMe pilot tomorrow right here on Twitter for you to stream a full month be‚Ä¶,68
68,0.0,Mon Aug 27 23:36:57 +0000 2018,1.0,0.0,0.0,@CBS,"It's almost time for sweater weather, pumpkin spice lattes, and CBS Fall TV premieres. Check out the storylines for‚Ä¶ https://t.co/BpgDyYl8fc",69
69,-0.4389,Fri Aug 24 20:30:16 +0000 2018,0.879,0.121,0.0,@CBS,RT @cbsallaccess: #NFL preseason coverage is here! üèà The Detroit @Lions battle the Tampa Bay @Buccaneers tonight at 8PM ET. Stream the game‚Ä¶,70
70,0.0,Wed Aug 22 20:55:25 +0000 2018,1.0,0.0,0.0,@CBS,"@bigbangtheory üé∂...happy kitty, sleepy kitty, purr purr purrüé∂ #TheBigBangTheory https://t.co/sEObppGJlZ",71
71,0.0,Wed Aug 22 20:10:12 +0000 2018,1.0,0.0,0.0,@CBS,"This is going to require multiple singings of ""Soft Kitty."" https://t.co/UdRGNeQ7Lb",72
72,0.5423,Mon Aug 20 21:59:56 +0000 2018,0.829,0.0,0.171,@CBS,Got to get more of the @PaulMcCartney #CarpoolKaraoke into your life? @latelateshow produced an hour-long bonus spe‚Ä¶ https://t.co/DjPqajo6Xn,73
73,0.3182,Fri Aug 17 17:42:02 +0000 2018,0.887,0.0,0.113,@CBS,"How much does it cost to bury the truth? 
#OneDollar premieres August 30, exclusively on CBS All Access. https://t.co/ZL5TBH9ro5",74
74,0.0,Thu Aug 16 18:40:09 +0000 2018,1.0,0.0,0.0,@CBS,Things got carried away when @ArianaGrande joined @latelateshow for #CarpoolKaraoke. So did Ariana. #ArianaCarpool https://t.co/WSZcC0TaYz,75
75,-0.5267,Thu Aug 16 00:09:03 +0000 2018,0.72,0.188,0.092,@CBS,RT @cbsallaccess: Murder mystery set in a small town? We're in. Rediscover the genius of original #TwinPeaks co-creators @DAVID_LYNCH and @‚Ä¶,76
76,0.0,Sun Aug 12 23:30:02 +0000 2018,1.0,0.0,0.0,@CBS,New start times for @60Minutes 7:20ET/6:20CT @CBSBigBrother 8:20ET/7:20CT @NCISLA 9:20ET/8:20CT @Elementary_CBS 10:‚Ä¶ https://t.co/Op9VcDsREa,77
77,0.4389,Sun Aug 12 15:04:59 +0000 2018,0.874,0.0,0.126,@CBS,Clear your schedules for the 100th #PGAChamp! Stream the Final Round LIVE on @cbsallaccess at 2 PM ET across all de‚Ä¶ https://t.co/m6bH2pKTUN,78
78,-0.3182,Sat Aug 11 18:00:00 +0000 2018,0.897,0.103,0.0,@CBS,The fortune teller you‚Äôll meet this Saturday lived a life of luxury... by scamming her victims out of hundreds of t‚Ä¶ https://t.co/fJo6F2Eo5p,79
79,0.4926,Sat Aug 11 15:00:02 +0000 2018,0.856,0.0,0.144,@CBS,The 100th PGA Championship continues today! Stream it LIVE on @cbsallaccess at 2PM ET across all devices. Try 1 Wee‚Ä¶ https://t.co/jbMg06eOND,80
80,0.8957,Fri Aug 10 22:28:55 +0000 2018,0.581,0.0,0.419,@CBS,"To celebrate the 100th PGA Championship, relive some of the tournament's greatest moments with Luke Wilson. 

Don't‚Ä¶ https://t.co/wUuB93smr4",81
81,0.0,Fri Aug 10 19:59:14 +0000 2018,1.0,0.0,0.0,@CBS,"RT @TrueCrimeCBS: When Glenn Walp and Steve Doran uncovered theft at the Los Alamos National Laboratory, they HAD to blow their whistles. W‚Ä¶",82
82,0.6696,Thu Aug 09 21:00:00 +0000 2018,0.745,0.0,0.255,@CBS,Want to create your own @CBSBigBrother or @TKOCBS meme using one the photos here? It‚Äôs your lucky day! Head over to‚Ä¶ https://t.co/JHJWykNkQT,83
83,0.7901,Thu Aug 09 18:47:00 +0000 2018,0.72,0.0,0.28,@CBS,Time to celebrate! Your favorite Daytime shows will premiere with new seasons this fall. See all of the @CBSDaytime‚Ä¶ https://t.co/GNkK4Zf2kD,84
84,0.6696,Wed Aug 08 16:05:11 +0000 2018,0.791,0.0,0.209,@CBS,"Love is in the air, and the water! International smash hit #LoveIsland is coming to CBS. https://t.co/nepabuNoSU https://t.co/Cxgvkv463u",85
85,0.0,Tue Aug 07 16:06:57 +0000 2018,1.0,0.0,0.0,@CBS,The Executive Producers of @CBSBigBrother are teaming up with @KingJames and @MavCarter for an unprecedented televi‚Ä¶ https://t.co/V88bDeHmQs,86
86,0.3612,Mon Aug 06 00:20:55 +0000 2018,0.889,0.0,0.111,@CBS,"RT @cbsallaccess: Executive Producer of Tell Me A Story, @kevwilliamson, says ""What I like about the show, there‚Äôs nothing else on TV like‚Ä¶",87
87,0.5411,Mon Aug 06 00:07:38 +0000 2018,0.683,0.098,0.219,@CBS,RT @TheNeighborhood: Feel the love in this new teaser for #TheNeighborhood from the #CBS #TCA18! ü§ó https://t.co/rPmCozH5XP,88
88,0.3818,Mon Aug 06 00:02:58 +0000 2018,0.894,0.0,0.106,@CBS,RT @TheNeighborhood: Find out why Cedric the Entertainer and the cast think #TheNeighborhood is the kind of show that everyone can relate t‚Ä¶,89
89,0.5093,Mon Aug 06 00:02:02 +0000 2018,0.845,0.0,0.155,@CBS,That's all for our #CBS #TCA18 panels! Tune in this fall to watch all your favorite new shows. üôå https://t.co/hM85o9eRi8,90
90,0.0,Sun Aug 05 23:58:41 +0000 2018,1.0,0.0,0.0,@CBS,"RT @MagnumPICBS: ""If there was ever a time to bring back #MagnumPI, it's now."" - @PLenkov 
#CBS #TCA2018",91
91,0.8316,Sun Aug 05 23:44:39 +0000 2018,0.694,0.0,0.306,@CBS,"RT @MagnumPICBS: ""There are a lot of easter eggs from the original that fans from the original series will love, and they're peppered throu‚Ä¶",92
92,0.0,Sun Aug 05 23:41:21 +0000 2018,1.0,0.0,0.0,@CBS,"RT @MagnumPICBS: ""What we are trying to do is introduce the show to a new audience...it's going to open it up for anyone that's new and the‚Ä¶",93
93,0.5994,Sun Aug 05 23:35:49 +0000 2018,0.843,0.0,0.157,@CBS,"RT @MagnumPICBS: ""This has been my white whale since I was a kid. I always loved #MagnumPI. Putting words in Magnum's mouth is something I'‚Ä¶",94
94,0.0,Sun Aug 05 23:35:46 +0000 2018,1.0,0.0,0.0,@CBS,RT @MagnumPICBS: It's #MagnumPI time at the #CBS #TCA2018! Follow along as we live tweet the panel!,95
95,0.5826,Sun Aug 05 23:16:25 +0000 2018,0.827,0.0,0.173,@CBS,RT @happytogether: Thanks for following along! That concludes the #HappyTogether panel at the #CBS #TCA2018! @MagnumPICBS is up next!,96
96,-0.5093,Sun Aug 05 23:12:39 +0000 2018,0.798,0.202,0.0,@CBS,"RT @happytogether: Question: Even though you're not playing @Harry_Styles, did you do a Harry crash course?
@itsfelixwot: Absolutely not. C‚Ä¶",97
97,0.0,Sun Aug 05 23:10:20 +0000 2018,1.0,0.0,0.0,@CBS,"RT @happytogether: ""The show is about marriage, it's about getting a bit older, it's about youthfulness, it's about something happening and‚Ä¶",98
98,0.6041,Sun Aug 05 23:05:58 +0000 2018,0.775,0.0,0.225,@CBS,"RT @happytogether: ""It's always good to have a little bit of truth in whatever you're making.""- @wayansjr 

#HappyTogether #CBS #TCA2018",99
99,0.3802,Sun Aug 05 23:01:25 +0000 2018,0.853,0.0,0.147,@CBS,"RT @happytogether: ""I thought I was still young and cool until I met @itsfelixwot!"" -@AmberoniStevens #HappyTogether #CBS #TCA2018",100
0,-0.296,Tue Oct 02 20:41:02 +0000 2018,0.896,0.104,0.0,@CNN,The organization that oversees Georgia high school sports said that there is no evidence of negligence in the death‚Ä¶ https://t.co/eGC4qVnTDU,1
1,0.7003,Tue Oct 02 20:34:42 +0000 2018,0.726,0.0,0.274,@CNN,Sen. Bernie Sanders praises Jeff Bezos after Amazon announced it is raising its minimum wage at both Amazon and Who‚Ä¶ https://t.co/UmiEakLw26,2
2,-0.34,Tue Oct 02 20:31:07 +0000 2018,0.87,0.13,0.0,@CNN,An off-duty border patrol agent planned to shoot a rifle at a target containing a highly explosive substance reveal‚Ä¶ https://t.co/93lZ8OLYsY,3
3,0.0,Tue Oct 02 20:23:29 +0000 2018,1.0,0.0,0.0,@CNN,"RT @CNNnewsroom: ""The performance, the behavior, was quite out of bounds,"" says @HillaryClinton, of Brett Kavanaugh's hearing, adding ""ther‚Ä¶",4
4,-0.5859,Tue Oct 02 20:21:06 +0000 2018,0.745,0.255,0.0,@CNN,"Roger Stone built a ""dirty trickster"" image. Now Robert Mueller might build a case on it https://t.co/wK9kAPZ9Tt https://t.co/GKiyqoSmgM",5
5,0.0,Tue Oct 02 20:11:05 +0000 2018,1.0,0.0,0.0,@CNN,"The New York Times said it should not have allowed a staff writer who had tweeted negatively about Brett Kavanaugh,‚Ä¶ https://t.co/LscfaTCDoS",6
6,0.1779,Tue Oct 02 20:01:06 +0000 2018,0.837,0.067,0.096,@CNN,"There‚Äôs no way to know the fate of Brett Kavanaugh‚Äôs Supreme Court nomination, but here are four ways it could play‚Ä¶ https://t.co/og7j03QBso",7
7,0.0,Tue Oct 02 20:00:44 +0000 2018,1.0,0.0,0.0,@CNN,"RT @CNNnewsroom: ‚ÄúThe processes in place in the Senate were followed, the same way as they should be now,‚Äù says @SenatorRounds of compariso‚Ä¶",8
8,0.4215,Tue Oct 02 19:51:04 +0000 2018,0.887,0.0,0.113,@CNN,Tencent Music has filed plans to go public in the United States in what could be one the biggest IPOs by a Chinese‚Ä¶ https://t.co/ydZ6GkewGn,9
9,-0.4767,Tue Oct 02 19:41:03 +0000 2018,0.853,0.147,0.0,@CNN,"A dean at the Catholic University of America has been suspended over tweets that ""called into question the validity‚Ä¶ https://t.co/QsBUkmRwGg",10
10,0.0,Tue Oct 02 19:35:09 +0000 2018,1.0,0.0,0.0,@CNN,"RT @CNNnewsroom: ‚ÄúThe FBI needs to do a full investigation determining his veracity,‚Äù says Sen. @BernieSanders of the FBI‚Äôs Kavanaugh probe‚Ä¶",11
11,0.5574,Tue Oct 02 19:34:49 +0000 2018,0.854,0.0,0.146,@CNN,RT @CNNPolitics: The fate of Brett Kavanaugh‚Äôs Supreme Court nomination is a complete toss-up right now. Watch The Point with CNN‚Äôs Chris C‚Ä¶,12
12,0.0772,Tue Oct 02 19:31:00 +0000 2018,0.936,0.0,0.064,@CNN,The Emerald Bay Maritime Heritage Trail just opened to scuba divers and snorkelers who want to see sunken historic‚Ä¶ https://t.co/dmQgoV0YAl,13
13,-0.6249,Tue Oct 02 19:29:41 +0000 2018,0.758,0.242,0.0,@CNN,"Four men have been charged with inciting rioting and assaulting counterprotesters at last year's deadly ""Unite the‚Ä¶ https://t.co/JshchPAyBY",14
14,0.1779,Tue Oct 02 19:21:07 +0000 2018,0.737,0.115,0.147,@CNN,"Sen. Bernie Sanders, who has previously criticized Amazon's treatment of its workers, praised CEO Jeff Bezos Tuesda‚Ä¶ https://t.co/OQaWxDaspA",15
15,0.0,Tue Oct 02 19:14:18 +0000 2018,1.0,0.0,0.0,@CNN,President Trump is speaking at a convention for the National Electrical Contractors Association. Watch on Facebook:‚Ä¶ https://t.co/HrQ4JXLc2S,16
16,-0.296,Tue Oct 02 19:10:46 +0000 2018,0.845,0.155,0.0,@CNN,Donald Trump's Stormy Daniels story just keeps collapsing | Analysis by @CillizzaCNN https://t.co/sGLK7MEB1T https://t.co/216tUqje2H,17
17,-0.7425,Tue Oct 02 19:05:16 +0000 2018,0.778,0.222,0.0,@CNN,"Trump: ""It is a very scary time for young men in America, where you can be guilty of something you may not be guilt‚Ä¶ https://t.co/l2pxQXaJmr",18
18,0.5106,Tue Oct 02 18:52:18 +0000 2018,0.845,0.0,0.155,@CNN,"Sen. Graham on Brett Kavanaugh: ""If his nomination were to fall short, I would encourage President Trump to re-nomi‚Ä¶ https://t.co/AyJv6IRgGn",19
19,0.6757,Tue Oct 02 18:41:14 +0000 2018,0.754,0.0,0.246,@CNN,Sen. Lindsey Graham said he believes Supreme Court nominee Brett Kavanaugh will be confirmed ‚Äî but he encouraged Pr‚Ä¶ https://t.co/mpnKdMNqRY,20
20,0.5106,Tue Oct 02 18:40:05 +0000 2018,0.87,0.0,0.13,@CNN,More than 100 people who survived the Las Vegas shooting one year ago gathered Monday night at the site of the Rout‚Ä¶ https://t.co/4YlRHldgC7,21
21,0.0,Tue Oct 02 18:30:05 +0000 2018,0.765,0.117,0.117,@CNN,Texas Senate candidate Beto O'Rourke apologized Monday for once writing a critical review of a Broadway musical in‚Ä¶ https://t.co/2zdNpePx4s,22
22,0.5574,Tue Oct 02 18:20:06 +0000 2018,0.841,0.0,0.159,@CNN,Supreme Court nominee Brett Kavanaugh will not be teaching at Harvard Law School in January 2019. The school inform‚Ä¶ https://t.co/D0sUrwu6oa,23
23,-0.4215,Tue Oct 02 18:10:09 +0000 2018,0.843,0.157,0.0,@CNN,Police say two men broke into a UPS facility in Memphis and stole 400 guns https://t.co/2wHXR0vrFs https://t.co/18VuKDenZW,24
24,0.0,Tue Oct 02 18:00:22 +0000 2018,1.0,0.0,0.0,@CNN,"The oldest known animal in the geological record has been identified, in a discovery that scientists are calling ""t‚Ä¶ https://t.co/41viLOx2Oe",25
25,0.0,Tue Oct 02 17:52:53 +0000 2018,1.0,0.0,0.0,@CNN,"‚ÄúIt‚Äôs part of our culture to examine ourselves, see if we're doing the right thing.‚Äù Jay Carney, Amazon‚Äôs senior vi‚Ä¶ https://t.co/je8OCsldah",26
26,-0.128,Tue Oct 02 17:46:55 +0000 2018,0.919,0.081,0.0,@CNN,The third congressional district in West Virginia voted overwhelmingly for President Trump in the 2016 election. Bu‚Ä¶ https://t.co/xXxo1cl255,27
27,-0.7425,Tue Oct 02 17:39:03 +0000 2018,0.761,0.239,0.0,@CNN,President Trump: ‚ÄúIt‚Äôs a very scary time for young men in America when you can be guilty of something that you may‚Ä¶ https://t.co/rjzYxQ9BPl,28
28,0.0,Tue Oct 02 17:31:14 +0000 2018,1.0,0.0,0.0,@CNN,Brazilian surfer Maya Gabeira just set a new Guinness World Record for the largest wave ever surfed by a woman‚Ä¶ https://t.co/dYQqWT7FPg,29
29,0.0,Tue Oct 02 17:21:18 +0000 2018,1.0,0.0,0.0,@CNN,Lake Tahoe visitors can now explore the lake's underwater exhibits via the Emerald Bay Maritime Heritage Trail‚Ä¶ https://t.co/bnJENbgQFF,30
30,0.0,Tue Oct 02 17:18:34 +0000 2018,1.0,0.0,0.0,@CNN,"These satellite images show how entire neighborhoods, and even a bridge, were wiped away in Friday's deadly earthqu‚Ä¶ https://t.co/XlypMByEvL",31
31,-0.5859,Tue Oct 02 16:59:59 +0000 2018,0.758,0.242,0.0,@CNN,"Missouri has lost track of more than 1,200 sex offenders and other states have a similar problem‚Ä¶ https://t.co/5FnjxevtZt",32
32,0.7102,Tue Oct 02 16:33:14 +0000 2018,0.717,0.0,0.283,@CNN,"President Trump inspires less trust around the world than many other international leaders, including autocrats lik‚Ä¶ https://t.co/pEEJWtGCzd",33
33,0.5574,Tue Oct 02 16:21:06 +0000 2018,0.841,0.0,0.159,@CNN,"A piece of mail delivered to the Pentagon mail facility has initially tested positive for ricin, according to two U‚Ä¶ https://t.co/vffm8qjXzq",34
34,0.4404,Tue Oct 02 16:15:15 +0000 2018,0.83,0.0,0.17,@CNN,"An off-duty border patrol agent wanted an explosive gender reveal party for his family and friends, but he ended up‚Ä¶ https://t.co/ySghCNPg3b",35
35,0.5574,Tue Oct 02 16:00:02 +0000 2018,0.805,0.0,0.195,@CNN,"Amazon is raising its minimum wage to $15 an hour for all US employees, benefitting more than 250,000, plus 100,000‚Ä¶ https://t.co/2tjXel32nf",36
36,0.0,Tue Oct 02 15:54:48 +0000 2018,1.0,0.0,0.0,@CNN,An official transcript distributed on Monday evening showed the President telling ABC reporter Cecelia Vega she was‚Ä¶ https://t.co/DbE0WVqt8s,37
37,-0.4939,Tue Oct 02 15:51:27 +0000 2018,0.849,0.151,0.0,@CNN,The White House has officially corrected the record on an insulting remark President Trump made toward a female rep‚Ä¶ https://t.co/ZOtlYHuPeX,38
38,0.0,Tue Oct 02 15:36:56 +0000 2018,1.0,0.0,0.0,@CNN,Here's why elephants have cracks in their skin https://t.co/8T4et3Pnnh https://t.co/3Eh0INfBV3,39
39,0.0,Tue Oct 02 15:21:19 +0000 2018,1.0,0.0,0.0,@CNN,Sen. Jeff Flake says his Kavanaugh vote depends on the FBI probe results https://t.co/lyYtYQD9rM https://t.co/ZMWFA0BiDx,40
40,-0.3597,Tue Oct 02 15:10:45 +0000 2018,0.857,0.143,0.0,@CNN,Health officials are 'very worried' as African swine fever spreads in Europe and Asia https://t.co/Q948Q06KRA https://t.co/uOrXBb0tMJ,41
41,0.0,Tue Oct 02 14:56:56 +0000 2018,1.0,0.0,0.0,@CNN,Mark Judge's lawyer says the FBI has completed its interview of him. He's a key witness to the alleged incident bet‚Ä¶ https://t.co/u3KHNdfD01,42
42,-0.4939,Tue Oct 02 14:47:18 +0000 2018,0.873,0.127,0.0,@CNN,RT @CNNnewsroom: New satellite footage from above Indonesia shows the extent of the damage from the earthquake and tsunami that hit the nat‚Ä¶,43
43,-0.8481,Tue Oct 02 14:45:08 +0000 2018,0.675,0.325,0.0,@CNN,"Death toll rises to 1,234 following Friday's devastating earthquake and tsunami in the Indonesian city of Palu, acc‚Ä¶ https://t.co/aTcY3YrRn9",44
44,0.7003,Tue Oct 02 14:30:28 +0000 2018,0.726,0.0,0.274,@CNN,Sen. Bernie Sanders praises Jeff Bezos after Amazon announced it is raising its minimum wage at both Amazon and Who‚Ä¶ https://t.co/HDtbnJoobu,45
45,0.7269,Tue Oct 02 14:20:11 +0000 2018,0.717,0.0,0.283,@CNN,Amazon is increasing its minimum wage to $15 an hour for all US employees effective November 1. The increase applie‚Ä¶ https://t.co/7wdZW3IAJU,46
46,0.4404,Tue Oct 02 14:16:39 +0000 2018,0.83,0.0,0.17,@CNN,"An off-duty border patrol agent wanted an explosive gender reveal party for his family and friends, but he ended up‚Ä¶ https://t.co/13EbcuYzod",47
47,0.5859,Tue Oct 02 14:06:24 +0000 2018,0.703,0.0,0.297,@CNN,How Trump landed his biggest trade win yet https://t.co/KsCURtdxXU https://t.co/EVu6GvJXLO,48
48,-0.6249,Tue Oct 02 13:51:40 +0000 2018,0.779,0.221,0.0,@CNN,A Georgia high school football player who came out of a game Friday night with an injury and then lost consciousnes‚Ä¶ https://t.co/QqVp8VPJmy,49
49,0.0,Tue Oct 02 13:40:06 +0000 2018,1.0,0.0,0.0,@CNN,14 midterm races that could change America | via @CNNopinion https://t.co/UCSk6My02W,50
50,0.0,Tue Oct 02 13:30:00 +0000 2018,1.0,0.0,0.0,@CNN,"At 120 years old, the Star Ferry is Hong Kong's oldest form of public transportation -- and the company's green and‚Ä¶ https://t.co/GxDna7LY1l",51
51,0.2023,Tue Oct 02 13:22:26 +0000 2018,0.909,0.0,0.091,@CNN,"Today's top business headlines with @ChristineRomans before the opening bell on Wall Street:

- Dow, S&amp;P 500 rise o‚Ä¶ https://t.co/dRT2SI1tCJ",52
52,0.0,Tue Oct 02 13:10:07 +0000 2018,1.0,0.0,0.0,@CNN,"Opposite-sex couples in England and Wales will be able to have civil partnerships instead of getting married, endin‚Ä¶ https://t.co/ZPt5r6SsWk",53
53,-0.6808,Tue Oct 02 13:00:07 +0000 2018,0.797,0.203,0.0,@CNN,"""I know the name of the boy who assaulted me. I have no reason to disrupt his life, even though mine has been upend‚Ä¶ https://t.co/gAYDWTXIjH",54
54,0.5106,Tue Oct 02 12:53:28 +0000 2018,0.858,0.0,0.142,@CNN,"Two notable things about today's Nobel Prize in Physics:

‚Ä¢ Donna Strickland is the first woman in 55 years to win,‚Ä¶ https://t.co/lrXyzuGeGj",55
55,0.0258,Tue Oct 02 12:40:06 +0000 2018,0.942,0.0,0.058,@CNN,President Trump was personally involved in an effort to prevent adult film actress Stormy Daniels from publicly dis‚Ä¶ https://t.co/DT9kNgwIKH,56
56,0.2023,Tue Oct 02 12:31:04 +0000 2018,0.899,0.0,0.101,@CNN,A hunter in Alaska was hospitalized after the bear he shot rolled on top of him https://t.co/fMDNQ7jCqc https://t.co/zn41lWEid4,57
57,0.5106,Tue Oct 02 12:30:06 +0000 2018,0.87,0.0,0.13,@CNN,More than 100 people who survived the Las Vegas shooting one year ago gathered Monday night at the site of the Rout‚Ä¶ https://t.co/zRv0SrNVEB,58
58,0.0,Tue Oct 02 12:20:07 +0000 2018,0.765,0.117,0.117,@CNN,Texas Senate candidate Beto O'Rourke apologized Monday for once writing a critical review of a Broadway musical in‚Ä¶ https://t.co/bCjQqeH6S1,59
59,0.0,Tue Oct 02 12:10:10 +0000 2018,1.0,0.0,0.0,@CNN,"These satellite images show how entire neighborhoods, and even a bridge, were wiped away in Friday's deadly earthqu‚Ä¶ https://t.co/earveq5DV7",60
60,0.5859,Tue Oct 02 12:06:21 +0000 2018,0.806,0.0,0.194,@CNN,Amazon says it is increasing its minimum wage to $15 an hour for all US employees effective November 1. The increas‚Ä¶ https://t.co/7v1feIHOdU,61
61,0.5574,Tue Oct 02 11:56:12 +0000 2018,0.841,0.0,0.159,@CNN,Supreme Court nominee Brett Kavanaugh will not be teaching at Harvard Law School in January 2019. The school inform‚Ä¶ https://t.co/CPEV4qYRWd,62
62,0.7102,Tue Oct 02 11:40:07 +0000 2018,0.717,0.0,0.283,@CNN,"President Trump inspires less trust around the world than many other international leaders, including autocrats lik‚Ä¶ https://t.co/MnJootWNQj",63
63,-0.4847,Tue Oct 02 11:30:09 +0000 2018,0.603,0.257,0.14,@CNN,"Rape allegations against Cristiano Ronaldo 'not fake news,' says accuser's lawyer https://t.co/VQNypII2qQ https://t.co/FrUzevjGJ0",64
64,0.4404,Tue Oct 02 11:22:28 +0000 2018,0.804,0.0,0.196,@CNN,LAX will permit fliers to bring small amounts of legal marijuana through security in their carry-on bags‚Ä¶ https://t.co/ev5lV6PN8o,65
65,0.0,Tue Oct 02 11:10:36 +0000 2018,1.0,0.0,0.0,@CNN,"5 things for Tuesday: 

- Brett Kavanaugh
- Indonesia
- Bump stocks
- Macedonia
- Southwest weather‚Ä¶ https://t.co/ADXgtqFmCR",66
66,-0.8481,Tue Oct 02 11:01:46 +0000 2018,0.675,0.325,0.0,@CNN,"Death toll rises to 1,234 following Friday's devastating earthquake and tsunami in the Indonesian city of Palu, acc‚Ä¶ https://t.co/1ZoXe3GDhC",67
67,0.5574,Tue Oct 02 10:52:05 +0000 2018,0.847,0.0,0.153,@CNN,Mark Judge  -- the man who has been named as a witness to the alleged incident between Supreme Court nominee Brett‚Ä¶ https://t.co/6Ceej80k8f,68
68,0.4404,Tue Oct 02 10:44:47 +0000 2018,0.83,0.0,0.17,@CNN,"An off-duty border patrol agent wanted an explosive gender reveal party for his family and friends, but he ended up‚Ä¶ https://t.co/6kSAPXC2o9",69
69,0.5859,Tue Oct 02 10:27:53 +0000 2018,0.814,0.0,0.186,@CNN,JUST IN: Amazon says it is increasing its minimum wage to $15 an hour for all US employees effective November 1. Th‚Ä¶ https://t.co/2U853WZAP9,70
70,0.5859,Tue Oct 02 10:20:09 +0000 2018,0.703,0.0,0.297,@CNN,How Trump landed his biggest trade win yet https://t.co/aS3kVXoFC2 https://t.co/Aelj4InflV,71
71,0.0,Tue Oct 02 10:13:16 +0000 2018,1.0,0.0,0.0,@CNN,Washington holds its breath as the FBI investigates Kavanaugh | Analysis by @CillizzaCNN https://t.co/i3EbetiWJA https://t.co/NpYHIWdfSj,72
72,0.8555,Tue Oct 02 10:11:24 +0000 2018,0.615,0.0,0.385,@CNN,JUST IN: The 2018 Nobel Prize in Physics celebrates groundbreaking laser inventions. It's shared between three phys‚Ä¶ https://t.co/nl1NJjYktw,73
73,0.4588,Tue Oct 02 09:59:00 +0000 2018,0.833,0.0,0.167,@CNN,"Welcome to football's sonic revolution?

Germany's Bayern Munich is exploring the relationship between crowd noise‚Ä¶ https://t.co/SskEmqb4z6",74
74,0.3612,Tue Oct 02 09:53:04 +0000 2018,0.857,0.0,0.143,@CNN,"What's on the menu? 

Locust souffl√©. Mealworm chocolate truffles. Caterpillar lasagna.

Promoting insects as tasty‚Ä¶ https://t.co/1zR07skcIt",75
75,0.0,Tue Oct 02 09:28:07 +0000 2018,1.0,0.0,0.0,@CNN,"""If you have other opinions, they put you in jail."" 

Rwandan opposition leader Victoire Ingabire has been released‚Ä¶ https://t.co/LCLIK3JbsA",76
76,0.0,Tue Oct 02 09:18:33 +0000 2018,1.0,0.0,0.0,@CNN,"RT @cnni: ""If you have other opinions, they put you in jail."" 

Rwandan opposition leader Victoire Ingabire has been released from jail. Sh‚Ä¶",77
77,-0.3597,Tue Oct 02 08:57:53 +0000 2018,0.857,0.143,0.0,@CNN,Health officials are 'very worried' as African swine fever spreads in Europe and Asia https://t.co/GWs6r7GiCV https://t.co/nZgNFDywkK,78
78,0.4019,Tue Oct 02 08:56:03 +0000 2018,0.856,0.0,0.144,@CNN,"An explosive gender reveal party in Arizona ended up igniting a wildfire that spread over 47,000 acres https://t.co/G6nyIrypWe",79
79,-0.6369,Tue Oct 02 08:36:53 +0000 2018,0.766,0.181,0.052,@CNN,"The number of people killed by the earthquake and tsunami that hit Sulawesi, Indonesia is now at least 1,234, Indon‚Ä¶ https://t.co/CFH0U0SOVz",80
80,0.4404,Tue Oct 02 08:01:06 +0000 2018,0.775,0.0,0.225,@CNN,Are you tall? Better watch out for varicose veins https://t.co/EaCLdBmsF4 https://t.co/9FvRdFI4si,81
81,0.7964,Tue Oct 02 08:01:00 +0000 2018,0.717,0.0,0.283,@CNN,Nobel Prize in Medicine winner James Allison received a phone call from former VP Joe Biden congratulating him on w‚Ä¶ https://t.co/50esqVTdeQ,82
82,-0.743,Tue Oct 02 07:40:59 +0000 2018,0.717,0.283,0.0,@CNN,"JUST IN: 1,234 people have been confirmed dead following the earthquake and tsunami that struck Sulawesi, Indonesia https://t.co/O0j7to7esF",83
83,0.4404,Tue Oct 02 07:12:15 +0000 2018,0.873,0.0,0.127,@CNN,"A pair of conjoined twins have been flown from Bhutan to Australia, where doctors hope they will be able to operate‚Ä¶ https://t.co/C0ffIvFAd7",84
84,0.2382,Tue Oct 02 07:01:03 +0000 2018,0.866,0.0,0.134,@CNN,LAX will permit fliers to bring small amounts of legal marijuana through security in their carry-on bags -- but tha‚Ä¶ https://t.co/SouRr0nDME,85
85,-0.6705,Tue Oct 02 06:57:38 +0000 2018,0.8,0.2,0.0,@CNN,"Investigators are searching for answers at the scene of a car explosion that killed three people in Pennsylvania, i‚Ä¶ https://t.co/ZeFW25niQj",86
86,0.5574,Tue Oct 02 06:31:04 +0000 2018,0.859,0.0,0.141,@CNN,"48% of US voters say the Senate should not vote to confirm Supreme Court nominee Brett Kavanaugh, up from 42% who s‚Ä¶ https://t.co/f1adxl51YL",87
87,0.3167,Tue Oct 02 06:16:00 +0000 2018,0.892,0.0,0.108,@CNN,Land O'Lakes CEO Beth Ford explains why US farmers may need more certainty from the Trump Administration around tra‚Ä¶ https://t.co/uuRMS4N6KJ,88
88,0.4019,Tue Oct 02 06:11:44 +0000 2018,0.856,0.0,0.144,@CNN,"An explosive gender reveal party in Arizona ended up igniting a wildfire that spread over 47,000 acres https://t.co/rFSbHvETJW",89
89,0.0,Tue Oct 02 05:46:00 +0000 2018,1.0,0.0,0.0,@CNN,"Monday marks the end of an era at Goldman Sachs, with Lloyd Blankfein officially being replaced as CEO by David Sol‚Ä¶ https://t.co/ImMzRmv5u0",90
90,0.0,Tue Oct 02 05:16:00 +0000 2018,1.0,0.0,0.0,@CNN,"At 120 years old, the Star Ferry is Hong Kong's oldest form of public transportation -- and the company's green and‚Ä¶ https://t.co/fDvs6WGJjA",91
91,-0.296,Tue Oct 02 05:11:55 +0000 2018,0.879,0.121,0.0,@CNN,"RT @CNNMoney: McDonald's will no longer include artificial preservatives, flavors or coloring in its burgers https://t.co/zKxtUAgIEs https:‚Ä¶",92
92,0.0,Tue Oct 02 04:53:29 +0000 2018,1.0,0.0,0.0,@CNN,"Tropical Storm Rosa is forecast to make landfall early Tuesday, with more than 11 million people under a flash floo‚Ä¶ https://t.co/VAuY0JjUyR",93
93,0.5267,Tue Oct 02 04:46:00 +0000 2018,0.794,0.0,0.206,@CNN,"A new way of looking at soccer matches has arrived -- through fan energy. Using acoustic camera technology, stadium‚Ä¶ https://t.co/WrA1rgndGv",94
94,0.7906,Tue Oct 02 04:31:04 +0000 2018,0.72,0.0,0.28,@CNN,American James Allison and Japan's Tasuku Honjo have won the 2018 Nobel Prize in Medicine for a pioneering new appr‚Ä¶ https://t.co/4d2F0g04O8,95
95,-0.5859,Tue Oct 02 04:28:23 +0000 2018,0.798,0.202,0.0,@CNN,There are lots of hurdles to overcome when bringing a sexual assault case to the courtroom https://t.co/vnJ7fAyqdZ,96
96,0.8402,Tue Oct 02 04:16:00 +0000 2018,0.625,0.0,0.375,@CNN,President Trump awarded the Medal of Honor to former Army medic staff Sgt. Ronald Shurer II https://t.co/2Dw93LxrmH https://t.co/disQSOzVrT,97
97,0.0,Tue Oct 02 04:02:50 +0000 2018,1.0,0.0,0.0,@CNN,"RT @CNNTonight: Whether or not Brett Kavanaugh is confirmed is at about 50/50 at this point, says author @dkaplan007.

It depends on what t‚Ä¶",98
98,-0.8342,Tue Oct 02 04:01:05 +0000 2018,0.67,0.33,0.0,@CNN,"""I wouldn't wish it even on my worst enemy."" Immigrant moms write letters from detention, saying that even after be‚Ä¶ https://t.co/fN4YdKQ5Qq",99
99,-0.0516,Tue Oct 02 03:57:35 +0000 2018,0.656,0.197,0.148,@CNN,"Supreme Court nominee Brett Kavanaugh was accused of starting a bar fight while he was a student at Yale, according‚Ä¶ https://t.co/XomipPDxPz",100
0,0.0,Tue Oct 02 20:44:31 +0000 2018,1.0,0.0,0.0,@FoxNews,"Kentucky @GovMattBevin on the Russia probe: ""It's floundering, trying to find some semblance of relevance."" #Cavuto https://t.co/ELPhzLpoww",1
1,-0.5423,Tue Oct 02 20:37:04 +0000 2018,0.757,0.243,0.0,@FoxNews,"Sen. @JimInhofe: ""With all the accusations out there, no one has corroborated on anything."" #Cavuto https://t.co/KYxlRbHDyA",2
2,-0.4767,Tue Oct 02 20:34:06 +0000 2018,0.807,0.193,0.0,@FoxNews,"Georgetown professor suspended by Twitter after call for ‚Äòdeaths‚Äô of GOP senators, Kavanaugh. https://t.co/P0TbwOpL9i",3
3,0.0,Tue Oct 02 20:09:06 +0000 2018,1.0,0.0,0.0,@FoxNews,RT @FoxBusiness: #BreakingNews: The Dow Jones Industrial Average closed at a record high. It is the 102nd record close for the Dow since El‚Ä¶,4
4,0.0,Tue Oct 02 20:05:40 +0000 2018,1.0,0.0,0.0,@FoxNews,.@ShepNewsTeam is live with the ‚ÄòFox News Update‚Äô on Facebook Watch: https://t.co/Sb2cju6RMf https://t.co/CffEDcSSiF,5
5,0.0,Tue Oct 02 20:01:31 +0000 2018,1.0,0.0,0.0,@FoxNews,President @realDonaldTrump speaks in Philadelphia five weeks ahead of midterm elections https://t.co/50tdnoBuvD,6
6,0.5574,Tue Oct 02 19:57:42 +0000 2018,0.714,0.0,0.286,@FoxNews,Envelopes sent to Pentagon test positive for ricin https://t.co/ycpmvkw9X2 https://t.co/4T8m9zVA5C,7
7,-0.6908,Tue Oct 02 19:49:20 +0000 2018,0.761,0.239,0.0,@FoxNews,"Clinton accuser Juanita Broaddrick demands FBI probe on Clinton rape claim, amid Kavanaugh furor (via‚Ä¶ https://t.co/OZ0UPF8q4k",8
8,0.1027,Tue Oct 02 19:39:02 +0000 2018,0.924,0.0,0.076,@FoxNews,Ford's team says they have reached out to @FBI multiple times and still have not been contacted‚Ä¶ https://t.co/Hvmdppf3tL,9
9,0.0,Tue Oct 02 19:35:25 +0000 2018,1.0,0.0,0.0,@FoxNews,"JUST IN: @SecPompeo to meet with Kim Jong Un on Sunday, State Department announces https://t.co/nCxViRI6Ea https://t.co/ypVLI14Ijo",10
10,0.0,Tue Oct 02 19:27:33 +0000 2018,1.0,0.0,0.0,@FoxNews,".@POTUS: ""After years of rebuilding foreign countries, we are finally rebuilding our country.""‚Ä¶ https://t.co/bWfBmPHwq5",11
11,-0.0772,Tue Oct 02 19:22:19 +0000 2018,0.729,0.142,0.13,@FoxNews,".@POTUS: ""We're straightening out some of these horrible deals that stole our wealth, stole our jobs, stole so much‚Ä¶ https://t.co/MHizs8flTH",12
12,0.0,Tue Oct 02 19:16:58 +0000 2018,0.728,0.136,0.136,@FoxNews,".@POTUS: ""NAFTA was one of the worst trade deals ever made in any country at any time, and now we have a great trad‚Ä¶ https://t.co/GK9JGU7Nfc",13
13,0.0,Tue Oct 02 19:12:54 +0000 2018,1.0,0.0,0.0,@FoxNews,".@POTUS: ""We're in the midst of a manufacturing renaissance."" https://t.co/xhAj9J19k5",14
14,0.0,Tue Oct 02 19:08:05 +0000 2018,1.0,0.0,0.0,@FoxNews,".@POTUS: ""The stock market...is at an all-time high today."" https://t.co/jdiXb1UtWs",15
15,0.4767,Tue Oct 02 19:05:06 +0000 2018,0.819,0.0,0.181,@FoxNews,".@POTUS: ""This is really an incredible time for our nation. We are respected again."" https://t.co/EXN4HZooEy",16
16,0.4215,Tue Oct 02 19:01:35 +0000 2018,0.763,0.0,0.237,@FoxNews,"GOP hoping to flip Montana seat red, @pdoocy reports https://t.co/q4ke8uWN2v",17
17,0.0772,Tue Oct 02 18:56:13 +0000 2018,0.925,0.0,0.075,@FoxNews,".@HillaryClinton: ""For anyone who believes there's such a thing as a judicial temperament and that we want judges,‚Ä¶ https://t.co/cR0Npgb03k",18
18,0.0,Tue Oct 02 18:55:22 +0000 2018,1.0,0.0,0.0,@FoxNews,.@POTUS makes remarks on the economy and tax reform at the annual convention for the National Electrical Contractor‚Ä¶ https://t.co/6OW3HRYPdV,19
19,0.0,Tue Oct 02 18:44:35 +0000 2018,1.0,0.0,0.0,@FoxNews,".@senatemajldr: ""We will be voting this week on the Kavanaugh nomination."" https://t.co/IBAR6gJ0oX https://t.co/SK5Ibvi3qq",20
20,0.5574,Tue Oct 02 18:41:42 +0000 2018,0.753,0.0,0.247,@FoxNews,Two envelopes testing positive for ricin sent to the Pentagon https://t.co/ycpmvkw9X2 https://t.co/QLW6DFVq73,21
21,-0.5938,Tue Oct 02 18:34:58 +0000 2018,0.755,0.245,0.0,@FoxNews,".@LindseyGrahamSC on Kavanaugh confirmation battle: ""This is bottom. If this is not bottom, help us all."" https://t.co/RoyP0v5RWr",22
22,-0.4939,Tue Oct 02 18:32:32 +0000 2018,0.714,0.286,0.0,@FoxNews,".@LindseyGrahamSC: ""I think it's a scary time for principles."" https://t.co/XibC8DrcXl",23
23,-0.25,Tue Oct 02 18:24:02 +0000 2018,0.802,0.123,0.075,@FoxNews,".@LindseyGrahamSC on Kavanaugh confirmation battle: ""To me, this is such an emotional event now. Give the public as‚Ä¶ https://t.co/WbzIp5I2Q9",24
24,0.296,Tue Oct 02 18:19:44 +0000 2018,0.637,0.127,0.235,@FoxNews,".@LindseyGrahamSC on Kavanaugh confirmation battle: ""If this is the new normal, God help us all."" https://t.co/Jwo2XmnDV1",25
25,-0.296,Tue Oct 02 18:16:52 +0000 2018,0.845,0.155,0.0,@FoxNews,"Senate Judiciary Committee blasts report as ""last-ditch effort to derail the nomination"" https://t.co/KvzekNAX5M",26
26,0.5574,Tue Oct 02 18:11:14 +0000 2018,0.795,0.0,0.205,@FoxNews,.@senatemajldr Mitch McConnell prepares for full Senate vote on Kavanaugh nomination to Supreme Court‚Ä¶ https://t.co/2XSuefytII,27
27,0.4939,Tue Oct 02 18:09:19 +0000 2018,0.714,0.0,0.286,@FoxNews,.@HillaryClinton speaks at Day 1 of The Atlantic Festival https://t.co/wi4p8hdpba,28
28,0.0,Tue Oct 02 17:58:01 +0000 2018,1.0,0.0,0.0,@FoxNews,"On @AmericaNewsroom, Republican U.S. Senate candidate @JohnJamesMI discussed the impact of the Kavanaugh confirmati‚Ä¶ https://t.co/mrt0PArQ1V",29
29,0.4939,Tue Oct 02 17:45:51 +0000 2018,0.814,0.0,0.186,@FoxNews,Flag Shredded by Hurricane Florence Auctioned for $10K in Honor of Late Family Member https://t.co/7vhCH3RvmX,30
30,-0.0772,Tue Oct 02 17:42:45 +0000 2018,0.939,0.061,0.0,@FoxNews,"JUST IN: Two people were taken to the hospital after being exposed to a ""white powdery substance"" at Sen. Ted Cruz'‚Ä¶ https://t.co/WgIo5udhvJ",31
31,-0.4588,Tue Oct 02 17:36:48 +0000 2018,0.759,0.165,0.076,@FoxNews,".@POTUS: ‚ÄúMy whole life I‚Äôve heard, ‚Äòyou‚Äôre innocent until proven guilty,‚Äô but now you‚Äôre guilty until proven innoc‚Ä¶ https://t.co/uf94qyXIGy",32
32,-0.2648,Tue Oct 02 17:31:35 +0000 2018,0.687,0.204,0.11,@FoxNews,".@POTUS: ‚ÄúI thought he did very well. He‚Äôs fighting very hard for his reputation, for his family.‚Äù https://t.co/dIUvNLwZdl",33
33,0.0,Tue Oct 02 17:30:26 +0000 2018,1.0,0.0,0.0,@FoxNews,.@POTUS: ‚ÄúA lot is going to depend on what comes back from the FBI‚Ä¶ I think that Judge Kavanaugh is doing very well‚Ä¶ https://t.co/0eWXr7XR83,34
34,0.3612,Tue Oct 02 17:27:04 +0000 2018,0.828,0.0,0.172,@FoxNews,.@POTUS: ‚ÄúI think the Democrats are going to like the trade bill.‚Äù https://t.co/q25ClXoHS4,35
35,0.0,Tue Oct 02 17:26:17 +0000 2018,1.0,0.0,0.0,@FoxNews,.@POTUS: ‚ÄúThe deal we‚Äôve made with Canada and Mexico has gotten tremendous reviews.‚Äù https://t.co/z0RJNJF7rQ,36
36,0.0,Tue Oct 02 17:21:33 +0000 2018,1.0,0.0,0.0,@FoxNews,"President @realDonaldTrump departs Joint Base Andrews, heading to Philadelphia, Pennsylvania. https://t.co/d1tGHtx6Wz",37
37,0.0,Tue Oct 02 17:19:38 +0000 2018,1.0,0.0,0.0,@FoxNews,.@RepLeeZeldin: ‚ÄúWhat we‚Äôre seeing right now is a politicization of the confirmation process and strategically to p‚Ä¶ https://t.co/kcpZgRy4Ur,38
38,-0.3182,Tue Oct 02 17:13:46 +0000 2018,0.874,0.126,0.0,@FoxNews,"US restricts same-sex visas for diplomat partners, sets January deadline to get married or get out https://t.co/Dd5CQA0wKO",39
39,0.4939,Tue Oct 02 16:50:00 +0000 2018,0.738,0.0,0.262,@FoxNews,Kudlow: Trump's US-Mexico-Canada Trade Agreement 'Sends a Message to China' https://t.co/LHNNQfg5cy,40
40,0.0772,Tue Oct 02 16:45:00 +0000 2018,0.939,0.0,0.061,@FoxNews,.@CharlesHurt: ‚ÄúThe number of people in the FBI who seem to think they are not answerable to anyone‚Ä¶ it‚Äôs staggerin‚Ä¶ https://t.co/oAaLdodXg2,41
41,0.0,Tue Oct 02 16:40:03 +0000 2018,1.0,0.0,0.0,@FoxNews,"Children waves American and Ghana flags during an arrival ceremony for @FLOTUS in Accra, Ghana on Tuesday. The firs‚Ä¶ https://t.co/SKhwR6lw5C",42
42,-0.2263,Tue Oct 02 16:32:34 +0000 2018,0.888,0.112,0.0,@FoxNews,"JUST IN: At least two packages sent to Pentagon suspected to contain ricin, official says https://t.co/7tOqvOD7Gt",43
43,0.0,Tue Oct 02 16:07:39 +0000 2018,1.0,0.0,0.0,@FoxNews,".@senatemajldr: ‚ÄúThe Senate will vote on Judge Kavanaugh here on this floor, this week.‚Äù https://t.co/IBAR6gJ0oX https://t.co/TVtNcYiQZq",44
44,-0.3182,Tue Oct 02 16:04:00 +0000 2018,0.827,0.173,0.0,@FoxNews,Horse wanders into French bar after breaking loose at racetrack https://t.co/qYBlWqT3nz https://t.co/zv2vXATyGX,45
45,0.0,Tue Oct 02 16:01:08 +0000 2018,1.0,0.0,0.0,@FoxNews,.@senatemajldr Mitch McConnell slammed Democrats on Tuesday amid the @FBI's probe of the allegations leveled agains‚Ä¶ https://t.co/xfnjX8A0zI,46
46,0.0,Tue Oct 02 15:50:44 +0000 2018,1.0,0.0,0.0,@FoxNews,.@RepAndyBiggsAZ: ‚ÄúI think [Rod Rosenstein] should resign.‚Äù https://t.co/9bFeg7AiXZ,47
47,0.0,Tue Oct 02 15:39:47 +0000 2018,1.0,0.0,0.0,@FoxNews,"Matilda, Trump face off in new statue display commemorating 30th anniversary of children's book‚Ä¶ https://t.co/rQeGAvfhkv",48
48,0.0,Tue Oct 02 15:33:04 +0000 2018,1.0,0.0,0.0,@FoxNews,Dow climbs to all-time intraday high https://t.co/oV3TSY6fwu https://t.co/amScPA3AqH,49
49,0.34,Tue Oct 02 15:24:46 +0000 2018,0.833,0.0,0.167,@FoxNews,State of play on Kavanaugh confirmation: @senatemajldr preparing to hold votes https://t.co/IBAR6gJ0oX https://t.co/z5JWMtZrvP,50
50,0.4939,Tue Oct 02 15:18:06 +0000 2018,0.775,0.0,0.225,@FoxNews,"Brett Kavanaugh's friend Mark Judge interviewed by @FBI, lawyer reveals https://t.co/CdJ3N1fU2X https://t.co/jFB0t3Cish",51
51,0.0,Tue Oct 02 15:10:47 +0000 2018,1.0,0.0,0.0,@FoxNews,.@FBI has not contacted Dr. Ford for interview https://t.co/CdJ3N1fU2X https://t.co/Bm3Z8uXijK,52
52,0.0,Tue Oct 02 15:07:27 +0000 2018,1.0,0.0,0.0,@FoxNews,U.S. stocks surge on new trade deal https://t.co/w7zJkrq8sb https://t.co/YKPYW7t5z0,53
53,-0.7351,Tue Oct 02 14:54:35 +0000 2018,0.744,0.256,0.0,@FoxNews,".@JohnJamesMI: ""Most people around the country are sick and tired of the partisanship‚Äî we need more leadership in W‚Ä¶ https://t.co/x8zdT2OLK2",54
54,0.5399,Tue Oct 02 14:52:56 +0000 2018,0.791,0.0,0.209,@FoxNews,".@JohnJamesMI: ""I promise that I will lead in Washington the way I led in Baghdad‚Äî I didn't fight for Democrats or‚Ä¶ https://t.co/q7XzoiCgur",55
55,-0.296,Tue Oct 02 14:47:57 +0000 2018,0.885,0.115,0.0,@FoxNews,".@JMfreespeech: ""Any effort, I think to limit [the @FBI investigation], even if the Democrats are accused of delayi‚Ä¶ https://t.co/ToKp2ybHcl",56
56,0.0,Tue Oct 02 14:41:05 +0000 2018,1.0,0.0,0.0,@FoxNews,.@FLOTUS Melania Trump arrives in Ghana for first solo international trip as first lady https://t.co/z9TCGT2dRN https://t.co/oiv7srrrrX,57
57,0.1779,Tue Oct 02 14:36:06 +0000 2018,0.769,0.1,0.131,@FoxNews,".@SenSchumer: ""We hope that there [are] still no limitations on the @FBI investigation...They'd asked for it to be‚Ä¶ https://t.co/Cwagxa61cl",58
58,-0.0258,Tue Oct 02 14:27:28 +0000 2018,0.591,0.232,0.177,@FoxNews,".@SenSchumer: ""Accusing Democrats of needlessly delaying a Supreme Court nomination is galling, is hypocritical com‚Ä¶ https://t.co/6IjDxJ6tiY",59
59,-0.3252,Tue Oct 02 14:17:54 +0000 2018,0.857,0.143,0.0,@FoxNews,".@senatemajldr: ""[Democrats] will not be satisfied unless they have brought down Judge Kavanaugh's nomination."" https://t.co/XhF4yT8X2p",60
60,0.0,Tue Oct 02 14:13:40 +0000 2018,1.0,0.0,0.0,@FoxNews,".@senatemajldr: ""Democrats may be trying to move the goalposts every five minutes, but their goal has not moved an‚Ä¶ https://t.co/VebJ9eETXi",61
61,0.0,Tue Oct 02 14:10:19 +0000 2018,1.0,0.0,0.0,@FoxNews,.@senatemajldr speaks on Senate floor https://t.co/ftGAZsTWi6,62
62,0.0516,Tue Oct 02 14:08:00 +0000 2018,0.729,0.13,0.141,@FoxNews,".@SenTomCotton: ""The Democrats are engaged in an orchestrated smear campaign to assassinate Brett Kavanaugh's chara‚Ä¶ https://t.co/m7904cHs4o",63
63,0.7096,Tue Oct 02 14:04:42 +0000 2018,0.742,0.0,0.258,@FoxNews,"Larry Kudlow on new trade deal: ""We made a good deal in everybody's interest and that's why it's succeeding.""‚Ä¶ https://t.co/KgYVbHWNFW",64
64,0.4927,Tue Oct 02 14:00:27 +0000 2018,0.862,0.0,0.138,@FoxNews,"Larry Kudlow on new trade deal: ""These are very good things for the U.S. economy. @POTUS has basically delivered on‚Ä¶ https://t.co/dJ4BLoJNlp",65
65,0.0,Tue Oct 02 13:56:45 +0000 2018,1.0,0.0,0.0,@FoxNews,".@SenTomCotton on the FBI investigation: ""This is not about trying to get the facts or get the proof, it's about tr‚Ä¶ https://t.co/YCoik61fk7",66
66,0.3818,Tue Oct 02 13:55:12 +0000 2018,0.755,0.0,0.245,@FoxNews,"RT @FoxBusiness: US wage growth hits 17-month high
https://t.co/G1cgUj8Ula",67
67,-0.296,Tue Oct 02 13:54:09 +0000 2018,0.872,0.128,0.0,@FoxNews,".@jonathanvswan: ""They are all in on [Kavanaugh]. There is no plan B before the midterms."" https://t.co/LhyXGjxGA5 https://t.co/w9e3NBPd1Q",68
68,0.0,Tue Oct 02 13:49:55 +0000 2018,1.0,0.0,0.0,@FoxNews,.@senatemajldr vows Kavanaugh vote this week https://t.co/LhyXGjxGA5 https://t.co/avtXjV3Ns5,69
69,-0.4019,Tue Oct 02 13:20:00 +0000 2018,0.838,0.162,0.0,@FoxNews,"Disabled man, 60, fights to keep Pennsylvania home as community rallies to raise funds https://t.co/p1AAhx8NX2",70
70,0.0,Tue Oct 02 13:15:00 +0000 2018,1.0,0.0,0.0,@FoxNews,.@FLOTUS visiting hospital in Ghana today @foxandfriends https://t.co/aygJcx2w58,71
71,0.0387,Tue Oct 02 13:14:18 +0000 2018,0.905,0.0,0.095,@FoxNews,"President @realDonaldTrump want ""comprehensive"" but ""quick"" @FBI investigation into Brett Kavanaugh‚Ä¶ https://t.co/SQHgq83IQ7",72
72,0.1779,Tue Oct 02 13:03:08 +0000 2018,0.825,0.0,0.175,@FoxNews,.@SusanLiTV on Amazon raising minimum wage @foxandfriends https://t.co/D6cCKo9lZt https://t.co/bxJb7Pqmy9,73
73,0.0,Tue Oct 02 13:00:01 +0000 2018,1.0,0.0,0.0,@FoxNews,".@FLOTUS embraces Lillian Naa Adai Sai, 8, as she receives flowers upon arriving in Accra, Ghana. https://t.co/3xxGtLDYBU",74
74,0.2023,Tue Oct 02 12:45:00 +0000 2018,0.763,0.102,0.136,@FoxNews,People form a human chain around the shuttered site of a country music festival where a gunman opened fire on the f‚Ä¶ https://t.co/tz8JfPvNms,75
75,0.0,Tue Oct 02 12:29:18 +0000 2018,1.0,0.0,0.0,@FoxNews,"RT @FoxBusiness: .@WhiteHouseCEA's Kevin Hassett on new trade deal: ""I think this is something that'll get broad bipartisan support."" https‚Ä¶",76
76,-0.296,Tue Oct 02 12:27:15 +0000 2018,0.901,0.099,0.0,@FoxNews,"RT @FoxBusiness: .@WhiteHouseCEA's Kevin Hassett on new trade deal: ""This deal is really, really putting a lot of pressure on China."" https‚Ä¶",77
77,0.4404,Tue Oct 02 12:25:00 +0000 2018,0.734,0.0,0.266,@FoxNews,.@lizpeek: ‚ÄúIt‚Äôs good for the American people.‚Äù @FoxFriendsFirst https://t.co/BjLbDdDCAH,78
78,0.5652,Tue Oct 02 12:24:58 +0000 2018,0.819,0.0,0.181,@FoxNews,"RT @FoxBusiness: .@WhiteHouseCEA's Kevin Hassett on new trade deal: ""We just sort of won the Super Bowl, but all three countries did becaus‚Ä¶",79
79,0.0,Tue Oct 02 12:04:33 +0000 2018,1.0,0.0,0.0,@FoxNews,RT @FoxBusiness: Trump's new trade deal: What to know  https://t.co/DB4jY4PEBw,80
80,0.8519,Tue Oct 02 12:00:01 +0000 2018,0.492,0.0,0.508,@FoxNews,.@POTUS awards Medal of Honor to former Army medic https://t.co/zoivKAtVPx @FoxFriendsFirst https://t.co/xqjNrW18jM,81
81,-0.4767,Tue Oct 02 11:45:00 +0000 2018,0.721,0.279,0.0,@FoxNews,Kimmel snubs Matt Damon during Kavanaugh recap https://t.co/h1YFw06pBW https://t.co/OZtP9gn5xF,82
82,0.1779,Tue Oct 02 11:31:55 +0000 2018,0.876,0.0,0.124,@FoxNews,RT @FoxBusiness: Amazon hikes minimum wage to $15 for all US employees https://t.co/pBHCLY6UFz,83
83,0.3612,Tue Oct 02 11:30:00 +0000 2018,0.857,0.0,0.143,@FoxNews,Louis C.K. embraced by crowd at NYC comedy club during try at comeback: report https://t.co/swFftYzKu4 https://t.co/kBy06wUeBT,84
84,0.0,Tue Oct 02 11:20:00 +0000 2018,1.0,0.0,0.0,@FoxNews,The USMCA trade deal https://t.co/w7zJkr8x3B @FoxFriendsFirst https://t.co/5qzaJvP60H,85
85,0.0,Tue Oct 02 11:15:00 +0000 2018,1.0,0.0,0.0,@FoxNews,.@FLOTUS arrives in Ghana @foxandfriends https://t.co/5nCRcyMdas,86
86,0.0,Tue Oct 02 11:07:02 +0000 2018,1.0,0.0,0.0,@FoxNews,"New trade deal between U.S., Canada, and Mexico @FoxFriendsFirst https://t.co/w7zJkrq8sb https://t.co/zNToDwuj9U",87
87,-0.5994,Tue Oct 02 10:46:54 +0000 2018,0.698,0.302,0.0,@FoxNews,"Death toll in Indonesian earthquake, tsunami at 1,234 https://t.co/A6BMWLXISF https://t.co/2yZiO0nbRX",88
88,0.0,Tue Oct 02 10:28:37 +0000 2018,1.0,0.0,0.0,@FoxNews,.@FLOTUS arrives in Africa  https://t.co/YXm6vM914w,89
89,-0.3182,Tue Oct 02 10:15:00 +0000 2018,0.887,0.113,0.0,@FoxNews,"Sen. @LindseyGrahamSC on if Kavanaugh loses a Senate floor vote: ""I would re-nominate him and I would take this cas‚Ä¶ https://t.co/SD4CalBkHt",90
90,0.0,Tue Oct 02 10:10:11 +0000 2018,1.0,0.0,0.0,@FoxNews,.@CarleyShimkus is live with the ‚ÄòFox News Update‚Äô on Facebook Watch: https://t.co/hNrB8xzepH https://t.co/7z0YGalzFy,91
91,0.0,Tue Oct 02 10:10:00 +0000 2018,1.0,0.0,0.0,@FoxNews,What's next in Kavanaugh confirmation process? https://t.co/j2fXccWY9C,92
92,0.8402,Tue Oct 02 10:00:01 +0000 2018,0.679,0.0,0.321,@FoxNews,".@POTUS on Monday awarded the Medal of Honor to former Staff Sgt. Ronald J. Shurer II, a @USArmy medic and Green Be‚Ä¶ https://t.co/V5jpWcXFYr",93
93,-0.5719,Tue Oct 02 09:45:00 +0000 2018,0.773,0.227,0.0,@FoxNews,.@SenFeinstein released a statement late Monday denying claims she or her staff leaked the allegation letter from D‚Ä¶ https://t.co/j4KHpleAn5,94
94,0.0,Tue Oct 02 09:15:00 +0000 2018,1.0,0.0,0.0,@FoxNews,"Sec. @stevenmnuchin1: ""This is going to bring jobs back to America."" #SpecialReport https://t.co/BgqMVAvzXW https://t.co/ew8JzUMzFj",95
95,0.4939,Tue Oct 02 09:00:01 +0000 2018,0.758,0.0,0.242,@FoxNews,"Brett Kavanaugh's friend Mark Judge interviewed by FBI, lawyer reveals. https://t.co/gZzP1EQtb4",96
96,-0.5267,Tue Oct 02 08:45:00 +0000 2018,0.855,0.145,0.0,@FoxNews,".@POTUS during a rally Monday night: ""Democrats are willing to do anything, and to hurt anyone, to get their way, l‚Ä¶ https://t.co/JsI9IBoxEe",97
97,-0.5719,Tue Oct 02 08:15:00 +0000 2018,0.68,0.32,0.0,@FoxNews,Far-left cartoonist accused of targeting Kavanaugh's 10-year-old daughter in vicious cartoon. https://t.co/SMR07HoBrl,98
98,0.824,Tue Oct 02 08:00:00 +0000 2018,0.733,0.0,0.267,@FoxNews,WOW: A homecoming king gave his crown away to an autistic student after he ran on the field when the winners were a‚Ä¶ https://t.co/0cNdH1VUQy,99
99,0.0,Tue Oct 02 07:45:00 +0000 2018,1.0,0.0,0.0,@FoxNews,"NASA needs to return to ‚Äòpushing our boundaries,‚Äô says Neil Armstrong‚Äôs son. https://t.co/KrbjMT8KhD",100
0,-0.5106,Tue Oct 02 20:45:22 +0000 2018,0.864,0.136,0.0,@nytimes,"As the 1980s ended, Donald Trump‚Äôs big bets began to go bust. Trump Shuttle was failing to make loan payments withi‚Ä¶ https://t.co/fdTcY4KG0e",1
1,0.5574,Tue Oct 02 20:35:13 +0000 2018,0.854,0.0,0.146,@nytimes,"In President Trump‚Äôs version of how he got rich, he parlayed a $1 million loan from his father into a $10 billion e‚Ä¶ https://t.co/balhaT0Y0q",2
2,0.4404,Tue Oct 02 20:25:18 +0000 2018,0.854,0.0,0.146,@nytimes,"We hope you have time to read the complete investigation by @DavidBarstow, @SusanneCraig and @RussBuettner. But if‚Ä¶ https://t.co/3KRrQ19354",3
3,0.0,Tue Oct 02 20:14:17 +0000 2018,1.0,0.0,0.0,@nytimes,What emerges from this body of evidence is a financial biography of the 45th president fundamentally at odds with t‚Ä¶ https://t.co/gsJyG94wEH,4
4,0.0,Tue Oct 02 19:44:52 +0000 2018,1.0,0.0,0.0,@nytimes,The New York Times‚Äôs findings are based on interviews with Fred Trump‚Äôs former employees and advisers and more than‚Ä¶ https://t.co/LHEXeqxf5t,5
5,0.0,Tue Oct 02 19:40:35 +0000 2018,1.0,0.0,0.0,@nytimes,"Trump declined repeated requests over several weeks to comment for this article. But a lawyer for Trump, Charles J.‚Ä¶ https://t.co/Pf01JULG2i",6
6,0.0,Tue Oct 02 19:26:51 +0000 2018,1.0,0.0,0.0,@nytimes,President Trump has sold himself as a self-made billionaire but a Times investigation found that he received more t‚Ä¶ https://t.co/lhuCsng9Wi,7
7,0.0,Tue Oct 02 18:50:05 +0000 2018,1.0,0.0,0.0,@nytimes,"Primera Air, a small low-cost airline, filed for bankruptcy and ceased flying on Monday night, leaving hundreds of‚Ä¶ https://t.co/PIC0H5zEEW",8
8,-0.1531,Tue Oct 02 18:35:04 +0000 2018,0.72,0.172,0.108,@nytimes,"If you're looking to help victims of the earthquake and tsunami that struck Indonesia, here is some guidance, and a‚Ä¶ https://t.co/1P56jAWnkU",9
9,0.6369,Tue Oct 02 18:10:06 +0000 2018,0.851,0.0,0.149,@nytimes,"RT @Nate_Cohn: Virginia 2, final. Taylor (R, inc) 49, Luria (D) 41
This is probably our best result for the Republicans in weeks. Didn't ex‚Ä¶",10
10,0.0,Tue Oct 02 18:00:10 +0000 2018,1.0,0.0,0.0,@nytimes,"""Rather than clarifying the cause of a murky issue, 'toxic' often does the opposite,"" writes Lauren Oyler https://t.co/kL0A7ZeKKj",11
11,0.3818,Tue Oct 02 17:50:04 +0000 2018,0.894,0.0,0.106,@nytimes,RT @rudoren: ‚ÄòWhat the (Insert Extreme Word of Choice) Is Going On Over There?‚Äô   The imitable ‚Å¶@sarahlyall‚Å© helps readers outside the US u‚Ä¶,12
12,0.0258,Tue Oct 02 17:45:08 +0000 2018,0.853,0.071,0.076,@nytimes,"In an election year that has included alarming portents of global warming, the one place that climate change rarely‚Ä¶ https://t.co/urPRErl29O",13
13,0.0,Tue Oct 02 17:35:02 +0000 2018,1.0,0.0,0.0,@nytimes,RT @nytvideo: About 70 percent of immigrants in U.S. prisons are being overseen by privately held companies. How did this happen? @RetroRep‚Ä¶,14
14,0.4215,Tue Oct 02 17:25:02 +0000 2018,0.872,0.0,0.128,@nytimes,"Saving money, especially right after college, seems impossible. But the sooner you start, the easier it is. We prom‚Ä¶ https://t.co/G52mYPrQvS",15
15,0.5859,Tue Oct 02 17:10:02 +0000 2018,0.769,0.0,0.231,@nytimes,Plants. A fresh coat of paint. Mementos. Here's how recent college graduates make shoe-box-size spaces feel like ho‚Ä¶ https://t.co/REeASBGj20,16
16,0.8658,Tue Oct 02 17:00:12 +0000 2018,0.65,0.0,0.35,@nytimes,"RT @patrickhealynyt: Pretty cool: Alex Burns, one of our best NY Times political reporters, is texting first-hand insights, intel &amp; experie‚Ä¶",17
17,-0.6908,Tue Oct 02 16:50:04 +0000 2018,0.769,0.231,0.0,@nytimes,Before and after photos show the destruction left in the wake of an earthquake and resulting tsunami that struck In‚Ä¶ https://t.co/en0SsepBam,18
18,0.0,Tue Oct 02 16:40:07 +0000 2018,1.0,0.0,0.0,@nytimes,"RT @Nate_Cohn: Arizona 2, final. Kirkpatrick (D) 50, Marquez Peterson (R) 39
This seat was already thought to lean Democratic, though there‚Ä¶",19
19,0.0,Tue Oct 02 16:30:11 +0000 2018,1.0,0.0,0.0,@nytimes,"Tesla said Tuesday that it produced 80,142 cars in the 3rd quarter, a 50% rise from the 2nd quarter https://t.co/t6K5iAxKKi",20
20,0.0,Tue Oct 02 16:20:03 +0000 2018,1.0,0.0,0.0,@nytimes,"RT @nytopinion: The new leading presidential candidate in the polls in Brazil is a former military officer, Jair Bolsonaro, a far-right can‚Ä¶",21
21,0.0,Tue Oct 02 16:10:04 +0000 2018,1.0,0.0,0.0,@nytimes,"The FBI has completed its interview of Mark Judge. In a statement, Judge's lawyer said, ‚ÄúMr. Judge completed his FB‚Ä¶ https://t.co/FbpaysTbBh",22
22,-0.4939,Tue Oct 02 16:00:11 +0000 2018,0.862,0.138,0.0,@nytimes,"RT @nytimesbooks: A Ted Talk leads to a confession ‚Äî ""my mother was a heroin addict"" ‚Äî which leads to a graphic memoir by Jarrett J. Krosoc‚Ä¶",23
23,0.25,Tue Oct 02 15:45:05 +0000 2018,0.905,0.0,0.095,@nytimes,"Time‚Äôs Up, the initiative created by women in Hollywood in response to the #MeToo movement, named Lisa Borders, pre‚Ä¶ https://t.co/UKIQYEuDcA",24
24,0.0,Tue Oct 02 15:30:13 +0000 2018,1.0,0.0,0.0,@nytimes,RT @karenyourish: Just four of more than two dozen potential witnesses were on the Republicans‚Äô initial list to the FBI. https://t.co/Vz0dl‚Ä¶,25
25,0.0,Tue Oct 02 15:15:08 +0000 2018,1.0,0.0,0.0,@nytimes,"After the Ivy League changed its kickoff rules in 2016, adjusting the kickoff and touchback lines by just five yard‚Ä¶ https://t.co/HsMtMQKylJ",26
26,0.4019,Tue Oct 02 15:00:12 +0000 2018,0.876,0.0,0.124,@nytimes,"If Bob Woodward, journalist and author of ‚ÄúFear: Trump in the White House,‚Äù was hosting a literary dinner party, wh‚Ä¶ https://t.co/s60u9QU0HU",27
27,-0.6077,Tue Oct 02 14:46:04 +0000 2018,0.853,0.147,0.0,@nytimes,"RT @emmagf: After six driver suicides in New York, taxi drivers are talking more openly about depression. ‚ÄúWhen you have nothing to do, we‚Ä¶",28
28,-0.6486,Tue Oct 02 14:30:12 +0000 2018,0.671,0.24,0.088,@nytimes,"""There's a narrative of what rape looks like and what kind of person you have to be to be a victim or a perpetrator‚Ä¶ https://t.co/npXtxzuDU1",29
29,-0.3818,Tue Oct 02 14:16:03 +0000 2018,0.885,0.115,0.0,@nytimes,RT @rpogrebin: We got the police report: Kavanaugh was involved in a bar fight at Yale in 1985 @benprotess @emilybazelon @RebeccaRuiz @Stev‚Ä¶,30
30,-0.5499,Tue Oct 02 14:07:04 +0000 2018,0.843,0.157,0.0,@nytimes,"RT @nytimesbusiness: Tesla Model 3 production is up, but the company is still having trouble delivering the cars to drivers https://t.co/lK‚Ä¶",31
31,-0.9136,Tue Oct 02 14:00:12 +0000 2018,0.572,0.428,0.0,@nytimes,A New York City bus driver involved in a fatal accident with a cyclist was found guilty of failing to yield the rig‚Ä¶ https://t.co/bfN9OccWZE,32
32,0.0,Tue Oct 02 13:45:08 +0000 2018,1.0,0.0,0.0,@nytimes,Here's everything you need to know for the midterm elections https://t.co/Wsqhk4vNN1,33
33,0.2716,Tue Oct 02 13:29:05 +0000 2018,0.901,0.0,0.099,@nytimes,"""I think the character is incredibly important, maybe now more than ever,"" said the writer of a new Captain Marvel‚Ä¶ https://t.co/vptSUR9HYE",34
34,-0.3272,Tue Oct 02 13:15:07 +0000 2018,0.677,0.192,0.131,@nytimes,RT @nytopinion: .@PaulKrugman: My guess is that Kavanaugh's privileged roots are precisely why he‚Äôs so angry https://t.co/9R4K79fdWt,35
35,0.0,Tue Oct 02 13:00:12 +0000 2018,1.0,0.0,0.0,@nytimes,Morning¬†Briefing: Here's what you need to know to start your day https://t.co/wXfjnUG3Wd https://t.co/prXeCCDyYw,36
36,0.0258,Tue Oct 02 12:44:03 +0000 2018,0.853,0.071,0.076,@nytimes,"In an election year that has included alarming portents of global warming, the one place that climate change rarely‚Ä¶ https://t.co/jRRjeURwY0",37
37,0.4767,Tue Oct 02 12:30:10 +0000 2018,0.846,0.0,0.154,@nytimes,Brett Kavanaugh's friends and former classmates have painted contrasting images of his past. Seth Meyers seized on‚Ä¶ https://t.co/BDOfTR1Aix,38
38,0.0,Tue Oct 02 12:14:04 +0000 2018,1.0,0.0,0.0,@nytimes,"Across the Carolinas, Florence remains far from over https://t.co/VxAHK484Af https://t.co/jtY6xN1DNx",39
39,0.6369,Tue Oct 02 12:10:07 +0000 2018,0.802,0.0,0.198,@nytimes,"Charles Aznavour's career spanned the history of the chanson realiste, the unvarnished tales of unrequited love, lo‚Ä¶ https://t.co/VEsYuHDGVv",40
40,-0.4767,Tue Oct 02 12:00:14 +0000 2018,0.853,0.147,0.0,@nytimes,"Your daily @DealBook Briefing:

‚Ä¢ What's wrong with California's board quota plan.

‚Ä¢ GE's new chief has a lot to f‚Ä¶ https://t.co/jJ4GyJ5zez",41
41,-0.5574,Tue Oct 02 11:45:05 +0000 2018,0.847,0.153,0.0,@nytimes,"Officials said that at least 1,234 people in Indonesia had died. Others, still uncounted, lie in the rubble of ruin‚Ä¶ https://t.co/VW8Ec3DZ5n",42
42,-0.0772,Tue Oct 02 11:30:11 +0000 2018,0.704,0.178,0.117,@nytimes,"Louis C.K. returned to the Comedy Cellar, where a new policy lets uncomfortable customers leave, their check picked‚Ä¶ https://t.co/pZQZ655KPR",43
43,0.0,Tue Oct 02 11:15:07 +0000 2018,1.0,0.0,0.0,@nytimes,"More of Brett Kavanaugh's former classmates are now coming forward with personal stories 
https://t.co/PEKa867VgI",44
44,-0.5267,Tue Oct 02 11:00:02 +0000 2018,0.748,0.252,0.0,@nytimes,American and Chinese Warships came perilously close to colliding in the disputed waters of the South China Sea https://t.co/2qv7K4X3T3,45
45,0.3612,Tue Oct 02 10:50:03 +0000 2018,0.8,0.0,0.2,@nytimes,Video: How the Indonesia earthquake made soil flow like water https://t.co/5NK95hKpYq,46
46,0.1027,Tue Oct 02 10:46:39 +0000 2018,0.84,0.053,0.107,@nytimes,Amazon says it will raise base pay for all its U.S. workers to $15 an hour and is planning to lobby for a higher na‚Ä¶ https://t.co/KUQPPZVqj1,47
47,0.0,Tue Oct 02 10:40:06 +0000 2018,1.0,0.0,0.0,@nytimes,Morning¬†Briefing: Here's what you need to know to start your day https://t.co/tS6sdHdjNM https://t.co/i7FBxtd2qE,48
48,0.0,Tue Oct 02 10:31:00 +0000 2018,1.0,0.0,0.0,@nytimes,"""Increasing diversity of all kinds was always going to be a journey. We will get there. But let's not do anything t‚Ä¶ https://t.co/ygB7Yn2hJg",49
49,0.7184,Tue Oct 02 10:22:55 +0000 2018,0.76,0.0,0.24,@nytimes,"Breaking News: The Nobel Prize in Physics was awarded to scientists from the U.S., Canada and France for their work‚Ä¶ https://t.co/IfzHUNcDop",50
50,0.0,Tue Oct 02 10:15:08 +0000 2018,1.0,0.0,0.0,@nytimes,A look at the 5 senators who will decide Brett Kavanaugh's fate https://t.co/QZRA0qGVSg https://t.co/7xjVVcVEmi,51
51,-0.4404,Tue Oct 02 09:49:52 +0000 2018,0.805,0.195,0.0,@nytimes,RT @adamjdean: A mosque damaged by the earthquake and tsunami in #palu @nytimes https://t.co/gPy5SJRtm5,52
52,0.4939,Tue Oct 02 09:45:07 +0000 2018,0.785,0.062,0.153,@nytimes,"RT @jotted: Excellent deep dive on China's healthcare system by @suilee. Dystopian, heart breaking and alarming. Patients make their own ca‚Ä¶",53
53,0.0772,Tue Oct 02 09:31:04 +0000 2018,0.677,0.175,0.147,@nytimes,RT @nytimesworld: A 16-year-old boy in Turkey has been sentenced to prison for kissing his 13-year-old girlfriend after teachers found his‚Ä¶,54
54,-0.886,Tue Oct 02 09:15:05 +0000 2018,0.49,0.51,0.0,@nytimes,Seven Germans have been arrested on suspicion of building a far-right terrorist organization https://t.co/8IsaAAvlyB,55
55,0.0,Tue Oct 02 09:00:18 +0000 2018,1.0,0.0,0.0,@nytimes,"A website tallies up apologies from the Twitter accounts of 25 British rail companies. All together, they have twee‚Ä¶ https://t.co/xumnsEdDsu",56
56,0.0,Tue Oct 02 08:45:03 +0000 2018,1.0,0.0,0.0,@nytimes,A company in New Zealand that let its employees work 4 days a week while being paid for 5 said the experiment was s‚Ä¶ https://t.co/zKmIx3n6Zf,57
57,-0.6486,Tue Oct 02 08:30:08 +0000 2018,0.773,0.227,0.0,@nytimes,"A heckler at a political event is hardly unusual. But the woman, who was later arrested, was no ordinary heckler, s‚Ä¶ https://t.co/IFMnleuKvS",58
58,-0.2617,Tue Oct 02 08:15:07 +0000 2018,0.821,0.179,0.0,@nytimes,North Korea accused the Trump administration of demanding too much but offering too few concessions https://t.co/47VwyBaG20,59
59,0.4019,Tue Oct 02 08:00:06 +0000 2018,0.886,0.0,0.114,@nytimes,"""While California‚Äôs impulse is clearly on the right side of history, the way the rule was enacted is so misguided t‚Ä¶ https://t.co/blW1Rr5TVG",60
60,-0.7906,Tue Oct 02 07:45:01 +0000 2018,0.636,0.364,0.0,@nytimes,Photographers captured the grim and desperate aftermath of the earthquake and tsunami that struck eastern Indonesia https://t.co/oVvy4A9wwg,61
61,-0.1779,Tue Oct 02 07:33:03 +0000 2018,0.829,0.104,0.067,@nytimes,"Mai Khoi, once a conventional pop star, is now a protest singer who challenges Vietnam‚Äôs political status quo. ‚ÄúEve‚Ä¶ https://t.co/BQYUVOR0wl",62
62,-0.5994,Tue Oct 02 07:27:44 +0000 2018,0.83,0.17,0.0,@nytimes,"The death toll in Friday‚Äôs earthquake and tsunami in Indonesia has risen to at least 1,234 people, officials say https://t.co/QAusuXu2BD",63
63,-0.6124,Tue Oct 02 07:15:04 +0000 2018,0.692,0.308,0.0,@nytimes,Entire neighborhoods have been devastated in and around Palu https://t.co/E1avLeyRjA,64
64,0.4019,Tue Oct 02 07:00:15 +0000 2018,0.891,0.0,0.109,@nytimes,This rabbi is in charge of figuring out how to deal with clean meat ‚Äî meat that is grown in laboratories from anima‚Ä¶ https://t.co/jGBf7LrLvs,65
65,0.0,Tue Oct 02 06:45:06 +0000 2018,1.0,0.0,0.0,@nytimes,"Chad Ludington, one of Judge Kavanaugh‚Äôs Yale classmates, said the altercation happened after a UB40 concert https://t.co/2npPthWwhS",66
66,-0.8402,Tue Oct 02 06:30:06 +0000 2018,0.667,0.333,0.0,@nytimes,Map: The scale of the destruction of the Indonesia tsunami that left more than 800 people dead https://t.co/yFtezqCN1u,67
67,0.0,Tue Oct 02 06:15:09 +0000 2018,1.0,0.0,0.0,@nytimes,RT @nytrealestate: Looking to buy an apartment in Manhattan? Now might be the time ‚Äî regardless of your budget https://t.co/Yn0h5serxI,68
68,0.0,Tue Oct 02 06:00:02 +0000 2018,1.0,0.0,0.0,@nytimes,Tesla has reported that it is selling almost all of the cars it is making. But internet sleuths have found large nu‚Ä¶ https://t.co/RYLJnujaX5,69
69,0.0,Tue Oct 02 05:45:08 +0000 2018,1.0,0.0,0.0,@nytimes,That Silicon Valley billionaire who wants to close a road to the beach because it runs through his property? The Su‚Ä¶ https://t.co/ewEuvi1obb,70
70,0.0,Tue Oct 02 05:30:02 +0000 2018,1.0,0.0,0.0,@nytimes,"Antonio Delgado, who is running for Congress in New York, is a Rhodes scholar and Harvard Law graduate. The G.O.P.‚Ä¶ https://t.co/gvtO0JbCEM",71
71,0.0,Tue Oct 02 05:21:48 +0000 2018,1.0,0.0,0.0,@nytimes,RT @photojournalism: Tomorrow's front page story on the tsunami aftermath by @adamjdean @hkbeech and @RCPaddock https://t.co/DMU3sZBkFP htt‚Ä¶,72
72,0.0,Tue Oct 02 05:15:04 +0000 2018,1.0,0.0,0.0,@nytimes,"RT @ElisabethMalkin: Tuesday is the 50th anniversary of the Tlatelolco massacre, when Mexican soldiers massacred Mexican students. My story‚Ä¶",73
73,-0.0772,Tue Oct 02 05:00:49 +0000 2018,0.69,0.187,0.123,@nytimes,"Louis C.K. unexpectedly returned to the Comedy Cellar, where a new policy lets uncomfortable customers leave, their‚Ä¶ https://t.co/t1U8u7pZVy",74
74,0.0,Tue Oct 02 04:47:04 +0000 2018,1.0,0.0,0.0,@nytimes,"In her first big solo trip abroad, Melania Trump is scheduled to visit 4 African countries in the span of a week: G‚Ä¶ https://t.co/QbeeVlg7v0",75
75,0.4019,Tue Oct 02 04:32:06 +0000 2018,0.863,0.0,0.137,@nytimes,"Voters in Quebec selected a center-right party to take control of the provincial government, in the first election‚Ä¶ https://t.co/4fSIXlIDXX",76
76,-0.5106,Tue Oct 02 04:17:04 +0000 2018,0.845,0.155,0.0,@nytimes,"In Tennessee, President Trump went on an insult spree against his potential 2020 opponents: Joe Biden, Elizabeth Wa‚Ä¶ https://t.co/HXP2dxrzrp",77
77,0.0,Tue Oct 02 04:02:02 +0000 2018,1.0,0.0,0.0,@nytimes,"Days after the Indonesia tsunami, hungry residents were begging for aid, armed men were foraging shuttered stores,‚Ä¶ https://t.co/6SF1cTpr0B",78
78,0.34,Tue Oct 02 03:53:04 +0000 2018,0.897,0.0,0.103,@nytimes,"RT @JohnBranchNYT: Update from a year ago: The girls still play soccer. They‚Äôre on different teams now, so I don‚Äôt know if Stacee‚Äôs daughte‚Ä¶",79
79,0.0,Tue Oct 02 03:47:04 +0000 2018,1.0,0.0,0.0,@nytimes,It's estimated that around 30% of ambulance rides are unnecessary. That's an expense that adds up. https://t.co/vI0NCo6MRO,80
80,-0.1027,Tue Oct 02 03:32:02 +0000 2018,0.795,0.11,0.095,@nytimes,"RT @nytopinion: The privilege of being a white man isn‚Äôt what it used to be. That racial resentment, @PaulKrugman writes, is what drives su‚Ä¶",81
81,0.4939,Tue Oct 02 03:22:04 +0000 2018,0.868,0.0,0.132,@nytimes,"A year ago, Regina Harris and Billy Bob Mason were among those who fled a music festival in Las Vegas. On Monday, t‚Ä¶ https://t.co/vmFhQkRKIo",82
82,-0.1027,Tue Oct 02 03:11:04 +0000 2018,0.756,0.13,0.113,@nytimes,RT @SherylNYT: Democrats are pushing a new line of attack against Brett Kavanaugh: Questions about his truthfulness &amp; temperament. My lates‚Ä¶,83
83,0.0,Tue Oct 02 03:02:07 +0000 2018,1.0,0.0,0.0,@nytimes,"Senator Jeff Flake says the new investigation of Judge Kavanaugh should look fully at any ""current, credible"" alleg‚Ä¶ https://t.co/EMNNBaI7yZ",84
84,-0.4215,Tue Oct 02 02:47:06 +0000 2018,0.648,0.218,0.134,@nytimes,Drug lords kill witnesses. Here's how the ones in El Chapo‚Äôs case are being protected. https://t.co/y7xc56EVp6,85
85,0.0,Tue Oct 02 02:32:05 +0000 2018,1.0,0.0,0.0,@nytimes,"Who the FBI has interviewed in the Kavanaugh investigation ‚Äî and who it has not
https://t.co/atgqqXfxDC",86
86,0.0,Tue Oct 02 02:17:00 +0000 2018,1.0,0.0,0.0,@nytimes,"RT @emmagf: It's official. The Verrazzano-Narrows Bridge now has two z‚Äôs. As Gay Talese (who covered the bridge opening in 1964) told me, ‚Äú‚Ä¶",87
87,0.0,Tue Oct 02 02:03:11 +0000 2018,1.0,0.0,0.0,@nytimes,Jemele Hill discussed her move to The Atlantic after parting ways with ESPN https://t.co/YYASRz8LnY,88
88,0.3716,Tue Oct 02 01:47:04 +0000 2018,0.892,0.0,0.108,@nytimes,"When you think of great stand-up comics of the 1970s, Elayne Boosler should come to mind, but she's the master who'‚Ä¶ https://t.co/TSFXuYfAcO",89
89,0.5204,Tue Oct 02 01:30:14 +0000 2018,0.85,0.0,0.15,@nytimes,Applying for your first job out of college? Not having much luck? One recent graduate's strategy: Put yourself out‚Ä¶ https://t.co/hiojFQ77Wf,90
90,-0.25,Tue Oct 02 01:17:03 +0000 2018,0.8,0.12,0.08,@nytimes,RT @nytopinion: @tribelaw: My decades of observing the court‚Äôs work and arguing cases there convince me that Brett Kavanaugh would need to‚Ä¶,91
91,0.0,Tue Oct 02 01:02:06 +0000 2018,1.0,0.0,0.0,@nytimes,Evening Briefing: Here's what you need to know at the end of the day https://t.co/ivaMcg6qRW,92
92,-0.3612,Tue Oct 02 00:47:05 +0000 2018,0.639,0.237,0.123,@nytimes,"A Border Patrol agent pleaded guilty to starting a fire at a gender-reveal party, causing a blaze that eventually c‚Ä¶ https://t.co/JQ16dz3uVk",93
93,-0.5574,Tue Oct 02 00:32:06 +0000 2018,0.806,0.194,0.0,@nytimes,A New Jersey man died after contracting an infection from a brain-eating amoeba after visiting a water park https://t.co/usgYDBmT3z,94
94,-0.6597,Tue Oct 02 00:22:05 +0000 2018,0.82,0.18,0.0,@nytimes,"RT @alanblinder: Jimmy Carter turns 94 today, more than three years after he received a diagnosis of cancer. Right after that announcement‚Ä¶",95
95,0.0,Tue Oct 02 00:12:03 +0000 2018,1.0,0.0,0.0,@nytimes,"At the #nytnewrules summit, 

@susanchira and @jessicabennett sat down to talk about #MeToo, the Kavanaugh hearings‚Ä¶ https://t.co/ViptqPtWsZ",96
96,0.0,Tue Oct 02 00:02:38 +0000 2018,1.0,0.0,0.0,@nytimes,Detailed new U.S. maps show how neighborhoods shape children for life https://t.co/YWd2NECIUa,97
97,-0.0772,Mon Oct 01 23:47:01 +0000 2018,0.936,0.064,0.0,@nytimes,The revised Nafta deal does not eliminate the steep steel and aluminum tariffs that President Trump imposed on Cana‚Ä¶ https://t.co/4Ef65V8pn0,98
98,0.0,Mon Oct 01 23:35:07 +0000 2018,1.0,0.0,0.0,@nytimes,"As an undergraduate student at Yale, Brett Kavanaugh was involved in an altercation at a local bar during which he‚Ä¶ https://t.co/AEMP5vg8Sk",99
99,-0.4588,Mon Oct 01 23:23:44 +0000 2018,0.846,0.154,0.0,@nytimes,RT @SteveEder: NEW: Kavanaugh was questioned by police after a bar fight in 1985 that resulted in one person going to the hospital. Judge K‚Ä¶,100
